Filnavn;Branche
Advokatomkostninger.aspx;Ansvar
Advokatomkostninger.aspx;Indbo
afskrivning.aspx;Bygning
Afskrivning.aspx;Indbo
Afskrivning.aspx;Skybrudsmanual
Aktindsigt.aspx;Ansvar
Aktindsigt.aspx;Bygning
Aktindsigt.aspx;Indbo
Asbestslam - asbeststøv.aspx;Bygning
Asbestslam - asbeststøv.aspx;Indbo
Autostole.aspx;Bil
Autostole.aspx;Indbo
Beredskabsplan.aspx;Skybrudsmanual
Beredskabsplan.aspx;StormManual
Besvarelse af klagesager.aspx;Ansvar
Besvarelse af klagesager.aspx;Bil
Besvarelse af klagesager.aspx;Bygning
Brand.aspx;Bil
Brand.aspx;Bygning
BroBizz.aspx;Bil
Brobizz.aspx;Indbo
Børnebiler.aspx;Bil
Børnebiler.aspx;Sanering
DFIM.aspx;Indbo
DFIM.aspx;Personskade
Dobbeltforsikring.aspx;Ansvar
Dobbeltforsikring.aspx;Skybrudsmanual
Dokumentation.aspx;Indbo
Dokumentation.aspx;Skybrudsmanual
Eget arbejde.aspx;Bygning
Eget arbejde.aspx;Indbo
Eget arbejde.aspx;Skybrudsmanual
Emhætte.aspx;Bygning
Emhætte.aspx;Indbo
Falck bolighjælp.aspx;Bygning
Falck Bolighjælp.aspx;Skybrudsmanual
Fareforøgelse.aspx;Bygning
Fareforøgelse.aspx;Indbo
Fordelingsvejledningen.aspx;Bygning
Fordelingsvejledningen.aspx;Indbo
Forældelse.aspx;Ansvar
Forældelse.aspx;Bil
Forældelse.aspx;Bygning
Forældelse.aspx;Indbo
Forældelsesreglerne vist i forskellige eksempler.aspx;Bygning
Forældelsesreglerne vist i forskellige eksempler.aspx;Indbo
Genhusning.aspx;Indbo
Genhusning.aspx;Skybrudsmanual
Glasdækning - ridsede ruder.aspx;Bygning
Glasdækning - ridsede ruder.aspx;Indbo
Glasskader.aspx;Bil
Glasskader.aspx;BPG
Hjælp.aspx;ScalePoint
Hjælp.aspx;Skybrudsmanual
Incassosager.aspx;Bygning
Incassosager.aspx;Indbo
Informationssøgning.aspx;Ansvar
Informationssøgning.aspx;Bygning
Informationssøgning.aspx;Indbo
Klageprocedure.aspx;Indbo
Klageprocedure.aspx;Retshjælp
Kontanterstatning.aspx;Bygning
Kontanterstatning.aspx;Skybrudsmanual
Kørestole.aspx;Ansvar
Kørestole.aspx;Indbo
Liste over politikredse.aspx;Ansvar
Liste over politikredse.aspx;Indbo
Medarbejdersager.aspx;Ansvar
Medarbejdersager.aspx;Bygning
Medarbejdersager.aspx;Hund
Medarbejdersager.aspx;Indbo
Modtagelse af stævning.aspx;Bil
Modtagelse af stævning.aspx;Personskade
Nødret.aspx;Ansvar
Nødret.aspx;Bil
Opstigning af grund- og kloakvand.aspx;Bygning
Opstigning af grund- og kloakvand.aspx;Indbo
personrelaterede sager.aspx;Bygning
Personrelaterede sager.aspx;Skybrudsmanual
Postkasser.aspx;Bygning
Postkasser.aspx;Indbo
Registreringsattest.aspx;Bil
Registreringsattest.aspx;Indbo
Regres - Forældrehæftelse.aspx;Bygning
Regres - Forældrehæftelse.aspx;Indbo
Regres.aspx;Bygning
Regres.aspx;Hund
reserve.aspx;Bygning
Reserve.aspx;Retshjælp
Reserveafsættelse.aspx;Ansvar
Reserveafsættelse.aspx;Indbo
Reserver.aspx;Ansvar
Reserver.aspx;Skybrudsmanual
Selskabets e-mail anbefalinger.aspx;Ansvar
Selskabets e-mail anbefalinger.aspx;Bygning
Selvrisiko.aspx;Ansvar
Selvrisiko.aspx;BPG
Selvrisiko.aspx;Bygning
Selvrisiko.aspx;Retshjælp
Selvrisiko.aspx;ScalePoint
Selvrisiko.aspx;Skybrudsmanual
Sikker post.aspx;Gerningsmand
Sikker post.aspx;Indbo
Sikker post.aspx;Personskade
Skade forvoldt af ukendte og uforsikrede hunde.aspx;Hund
Skade forvoldt af ukendte og uforsikrede hunde.aspx;Indbo
Skybrud.aspx;Bygning
Skybrud.aspx;Indbo
Skybrud.aspx;Skybrudsmanual
Solcelleanlæg.aspx;Bygning
Solcelleanlæg.aspx;Indbo
Spabad.aspx;Bygning
Spabad.aspx;Indbo
Startside.aspx;Ansvar
Startside.aspx;Beredskab
Startside.aspx;Bil
Startside.aspx;BPG
Startside.aspx;Bygning
Startside.aspx;Gerningsmand
Startside.aspx;Hund
Startside.aspx;Indbo
Startside.aspx;Personskade
Startside.aspx;Regres
StartSide.aspx;Rejse
Startside.aspx;Sanering
Startside.aspx;ScalePoint
startside.aspx;Skadeservice
Startside.aspx;Skybrudsmanual
Startside.aspx;Stormflod
Startside.aspx;StormManual
Startside.aspx;Storskade
Stormflodsskader.aspx;Bil
Stormflodsskader.aspx;Bygning
Stormflodsskader.aspx;Indbo
Sådan bruges dette bibliotek.aspx;BPG
Sådan bruges dette bibliotek.aspx;Gerningsmand
Sådan bruges dette bibliotek.aspx;Sanering
Tidligere forsikringsvilkår.aspx;Ansvar
Tidligere forsikringsvilkår.aspx;Bygning
Tyverialarm.aspx;Bygning
Tyverialarm.aspx;Indbo
Tøbrud.aspx;Bygning
Tøbrud.aspx;Indbo
Udbetalinger.aspx;BPG
Udbetalinger.aspx;Retshjælp
Udbetalinger.aspx;Skybrudsmanual
Vask i køkken, bryggers mm.aspx;Bygning
Vask i køkken, bryggers mm.aspx;Indbo
