Navn;Kategori
Ankenævnskendelser vedrørende skade forvoldt på og med motorkøretøjer.aspx;Ankenævnskendelser og domme
Delebørn.aspx;Skade forvoldt af børn
Startside.aspx;Ankenævnskendelser og domme
Kapitel 2-aftalen.aspx;Opgørelse 
Ansvar under arbejde for andre.aspx;Skade sket under arbejde 
Hund gør andre dyr bange.aspx;Hundeansvar
Ansvarskader med personskade.aspx;Behandling af ansvarsskader
Reserver.aspx;Forretningsgang
Selvrisikobeløb.aspx;Opgørelse 
Kilometersatser.aspx;Opgørelse
Erstatningsopgørelse for lånte eller lejede nøgler.aspx;Opgørelse
Reserveafsættelse i skadesager som forventes at komme til at koste over 1 mio.aspx;Opgørelse
Skade på bygningsdele i hotelværelser og lejede ferieboliger.aspx;Lån/leje dækning
Lån og leje.aspx;Lån/leje dækning
Skader forvoldt med droner.aspx;Færdselsskader og motoransvar
Skader forvoldt ved brug af legetøj med motorkraft under 5 hk.aspx;Færdselsskader og motoransvar
Trampolinskader.aspx;Husejeransvar
Ledningsejerregistret.aspx;Husejeransvar
Begge hundeejere er forsikret i Lb Koncernen.aspx;Hundeansvar
Mark- og vejfredsloven.aspx;Skade forvoldt af husdyr
Gæstebudsskade.aspx;Gæstebudsskader
Skade forvoldt af udeboende børn - hos udeboende børn.aspx;Gæstebudsskader
Hvilke ansvarsskader skal vi tage stilling til.aspx;Behandling af ansvarsskader
Behandling af telefoniske henvendelse vedrørende ansvarsskader.aspx;Behandling af ansvarsskader
Informationssøgning.aspx;Behandling af ansvarsskader
Hvem behandler skader på lånte og lejede genstande.aspx;Behandling af ansvarsskader
Behandling af skiskader.aspx;Forretningsgang
Personskader sket i udlandet.aspx;Forretningsgang
Erstatningens størrelse for dyr.aspx;Opgørelse 
Vedrørende hundeslagsmål.aspx;Ankenævnskendelser og Domme 
Skade på feriebolig.aspx;Lån/leje dækning
Vintervedligeholdelse af Private fællesveje.aspx;Husejeransvar
Cykler lånt eller lejet i udlandet.aspx;Lån/leje dækning
Færdselsregler på ski.aspx;Sportsskader 
Selvrisiko.aspx;Opgørelse
Rådgivningsansvar.aspx;Erhvervsansvarsforsikringen - branche 52
Hvilke selskaber er tiltrådt skadesforsikringsaftalerne.aspx;Forretningsgang
Tjenesteydelse.aspx;Tjenesteydelser
Ansvar for eldrevne løbehjul og eldrevne skateboard.aspx;Færdselsskader og motoransvar
Eldrevet cykel.aspx;Færdselsskader og motoransvar
Forældelse.aspx;Opgørelse
Skade opstået under hundeslagsmål.aspx;Hundeansvar
Liste over politikredse.aspx;Diverse
Liste over forsikringsselskaber.aspx;Diverse
Forurening.aspx;Erhvervsansvarsforsikringen - branche 52 
Cykler.aspx;Lån/leje dækning
Opgørelse af erstatningens størrelse for selvrisikokrav.aspx;Opgørelse
Genstande lånt på skole.aspx;Lån/Leje dækning
Klage over afgørelse.aspx;Forretningsgang
Vedrørende lånte og lejede cykler.aspx;Ankenævnskendelser og domme
Andre landes retspraksis og anden praksis.aspx;Opgørelse
Hund er årsag til bilulykke.aspx;Hundeansvar
Hesteskader.aspx;Skade forvoldt af husdyr
Uagtsomhedsgrader.aspx;Behandling af ansvarsskader
Skade på anden sikret person.aspx;Behandling af ansvarsskader
Spiritus.aspx;Behandling af ansvarsskader
Erhvervsansvarsforsikringer - branche 52.aspx;Behandling af ansvarsskader
En værnet interesse.aspx;Behandling af ansvarsskader
Påregnelig.aspx;Behandling af ansvarsskader
Uanmodet forretningsførelse.aspx;Behandling af ansvarsskader
Manglet evnen til at handle fornuftsmæssigt.aspx;Behandling af ansvarsskader
Vejledning til behandling af en ansvarssag.aspx;Behandling af ansvarsskader
Nødret.aspx;Behandling af ansvarsskader
Skoleskader.aspx;Skade forvoldt af børn
Egne skadesager forvoldt af børn.aspx;Skade forvoldt af børn
Skade forvoldt af børn.aspx;Skade forvoldt af børn
Forældres hæftelsesansvar.aspx;Skade forvoldt af børn
Vedrørende skade sket, når skadelidte ikke er hjemme.aspx;Gæstebudsskader
Specielt for personer med bofællesskab, familie i øvrigt samt gæster.aspx;Gæstebudsskader
Gæstebud i forhold til mindre børn.aspx;Gæstebudsskader 
Egne skadesager anerkendt som gæstebudsskade.aspx;Gæstebudsskader
Snubleskader.aspx;Gæstebudsskader
Danske Lov 6-10-2.aspx;Skade forvoldt af husdyr
Katteskader.aspx;Skade forvoldt af husdyr
Vedrørende ukendte og uforsikrede heste.aspx;Skade forvoldt af husdyr
Spændende hundeansvarssager.aspx;Hundeansvar
Uønsket parring - egen skyld.aspx;Hundeansvar
Slagsmål mellem hund og kat.aspx;Hundeansvar
Figurantdækning.aspx;Hundeansvar
Hundeansvar - lån, leje mm.aspx;HUndeansvar
Pasning af andres hunde.aspx;Hundeansvar
Uforsikrede hunde.aspx;HUndeansvar
Ting og personskader forvoldt på en sikret person.aspx;Hundeansvar
Erstatningsansvarslovens § 23.aspx;Skade sket under arbejde
Medarbejderens egen hæftelse.aspx;Skade sket under arbejde
selvstændigt virkende tredjemand.aspx;Skade sket under arbejde
Specielt ved gensidig hjælp.aspx;Skade sket under arbejde 
Skade sket under sportsudøvelse på arbejdspladsen.aspx;Skade sket under arbejde 
Skade på arbejdsgivers genstande.aspx;Skade sket under arbejde 
Arbejdsskadeforsikring - Arbejdsskadestyrelsen.aspx;Skade sket under arbejde
Glideskader.aspx;Husejeransvar
Vintervedligeholdelse af Offentlige veje.aspx;Husejeransvar
Husejers ansvar for lejers forsømmelse.aspx;Husejeransvar
Graveskader på ledninger.aspx;Husejeransvar
Ubebygget grund.aspx;Husejeransvar
Husejeransvar på erhvervsansvarsforsikringen.aspx;Husejeransvar
Skade sket i boligforeninger.aspx;Husejeransvar
Skade på lejer.aspx;Husejeransvar
Husejeransvar.aspx;Husejeransvar
Skade sket under Jagt.aspx;Skade sket under jagt
Motoransvar eller privat ansvar.aspx;Færdselsskader og motoransvar
Færdselsskader.aspx;Færdselsskader og motoransvar
Kørestole.aspx;Færdselsskader og motoransvar
Motorkøretøj - børns ansvar - varetægt.aspx;Færdselsskader og motoransvar
Skade forvoldt af både.aspx;Skader forvoldt ved brug af både
Hæftelse for købte varer.aspx;Lån/leje dækning
Varer i udvalg - køb på prøve.aspx;Lån/leje dækning
Varetægt.aspx;Lån/leje dækning
Specielt ved håndsrækninger.aspx;Tjenesteydelser
Golfskader.aspx;Sportsskader
produktansvar.aspx;Produktansvar
Afskrivning i skadelidtes krav.aspx;Opgørelse
Skade forvoldt på bil - værdiforringelse.aspx;Opgørelse
Pro rata - afkortning i ansvarssager.aspx;Opgørelse
Advokatomkostninger.aspx;Opgørelse
afsavnserstatning.aspx;Opgørelse 
Erstatningsbil.aspx;Opgørelse
Erstatning til skoler og kommuner.aspx;Opgørelse
Lov om Erstatningsansvar § 25.aspx;Opgørelse
Regres Hundeansvarsforsikring.aspx;Opgørelse
Forrentning.aspx;Opgørelse
Dobbeltforsikring.aspx;Opgørelse 
Skadelidtes pligt i forbindelse med en skade.aspx;Opgørelse
Summer for personskader og tingskader.aspx;Opgørelse 
Selskabets e-mail anbefalinger.aspx;Forretningsgang
Vedrørende skadelidte stævnede forsikringsselskabet.aspx;Ankenævnskendelser og domme
Vedrørende anerkendelse i hundeansvarssager.aspx;Ankenævnskendelser og domme
Vedrørende tjenesteydelse.aspx;Ankenævnskendelser og domme
Vedrørende forsætlige skader.aspx;Ankenævnskendelser og Domme 
Vedrørende forsætligt forvoldte skader, som skyldes evnen til at handle fornuftsmæssigt.aspx;Ankenævnskendelser og domme
Vedrørende skade på sikrede personer.aspx;Ankenævnskendelser og Domme 
Vedrørende snubleskader.aspx;Ankenævnskendelser og Domme
Vedrørende skade forvoldt under arbejde.aspx;Ankenævnskendelser og Domme 
Vedrørende skade på genstand tilhørende arbejdsgiver.aspx;Ankenævnskendelser og domme
Vedrørende hundeansvar - accept af risiko.aspx;Ankenævnskendelser og Domme 
Vedrørende sportsskader.aspx;Ankenævnskendelser og Domme 
Vedrørende skade på hund under leg.aspx;Ankenævnskendelser og Domme 
Vedrørende skadelidte bærer selvrisikobeløbet.aspx;Ankenævnskendelser og Domme 
Vedrørende spirituspåvirkning.aspx;Ankenævnskendelser og Domme 
Vedrørende pasning af hund.aspx;Ankenævnskendelser og Domme 
Vedrørende færdselsskader.aspx;Ankenævnskendelser og Domme 
Vedrørende Hundeansvar - personskader - egen medvirken.aspx;Ankenævnskendelser og Domme 
Vedrørende skader forvoldt af heste.aspx;Ankenævnskendelser og Domme 
Vedrørende varetægt.aspx;Ankenævnskendelser og Domme 
Vedrørende forsætligt forvoldte skader, som skyldes handicap og sygdom.aspx;Ankenævnskendelser og domme
Vedrørende varer på prøve.aspx;Ankenævnskendelser og domme
Vedrørende uønsket parring.aspx;Ankenævnskendelser og Domme 
Vedrørende ejer af enkelt bygning ikke blev anset som værende erhvervsdrivende.aspx;Ankenævnskendelser og Domme 
Vedrørende ansatte forvolder skade på hinanden.aspx;Ankenævnskendelser og domme
Vedrørende selskabets anerkendelse.aspx;Ankenævnskendelser og Domme 
Vedrørende graveskader.aspx;Ankenævnskendelser og Domme 
Vedrørende grov uagtsomhed.aspx;Ankenævnskendelser og Domme 
Vedrørende grov uagtsomhed ved brandskader.aspx;Ankenævnskendelser og domme
Vedrørende glideskader.aspx;Ankenævnskendelser og Domme 
Vedrørende passager forvolder skade på bil.aspx;Ankenævnskendelser og Domme 
Vedrørende selvforsikrede kommuner.aspx;Ankenævnskendelser og Domme 
Vedrørende kommuner og skolers momsbeløb.aspx;Ankenævnskendelser og domme
Vedrørende reduktion i erstatningens størrelse, hvis skadelidte ved grov uagtsomhed har medvirket til skaden.aspx;Ankenævnskendelser og domme
Vedrørende produktansvar.aspx;Ankenævnskendelser og Domme 
Vedrørende skiskader.aspx;Ankenævnskendelser og domme
Referater fra ansvarsmøder.aspx;Ansvarsmøder
Tidligere forsikringsvilkår.aspx;Forretningsgang
Aktindsigt.aspx;Forretningsgang
Sådan foregår retssager.aspx;Forretningsgang
Vedrørende selvforsikrede skoler EAL § 20.aspx;Forretningsgang
Politirapport.aspx;Forretningsgang
Besvarelse af klagesager.aspx;Forretningsgang
Henvisning til eget forsikringsselskab.aspx;Forretningsgang
Medarbejdersager.aspx;Forretningsgang
Betaling til vores samarbejdspartnere.aspx;Forretningsgang
Småskader.aspx;Forretningsgang
Vedrørende hændelige skader.aspx;Ankenævnskendelser og Domme 
Vedrørende skade i ejerlejlighed.aspx;Ankenævnskendelser og domme
Danske Lov 3-19-2.aspx;Skade sket under arbejde
Vedrørende skade forvoldt i lejede bygninger.aspx;Ankenævnskendelser og Domme 
Reserveafsættelse.aspx;Opgørelse
Skadevolder og skadelidte er begge forsikret i Lb koncernen.aspx;Forretningsgang
Skade på transporterede cykler, på cykelstativ.aspx;Færdselsskader og motoransvar
