Filnavn;Gruppe;Undergruppe;Branche;Content
Hvilke ansvarsskader skal vi tage stilling til.aspx;System.Collections.Generic.Dictionary`2[System.String,System.Object];System.Collections.Generic.Dictionary`2[System.String,System.Object];Ansvar;href="/Skade/hb/ansvarNY/SitePages/Vedrørende%20selvforsikrede%20skoler%20EAL%20§%2020.aspx"
Referater fra ansvarsmøder.aspx;System.Collections.Generic.Dictionary`2[System.String,System.Object];System.Collections.Generic.Dictionary`2[System.String,System.Object];Ansvar;href="/Skade/hb/ansvarNY/SitePages/Hund%20gør%20andre%20dyr%20bange.aspx"
Referater fra ansvarsmøder.aspx;System.Collections.Generic.Dictionary`2[System.String,System.Object];System.Collections.Generic.Dictionary`2[System.String,System.Object];Ansvar;href="/Skade/hb/ansvarNY/SitePages/Vedrørende%20hundeansvar%20-%20accept%20af%20risiko.aspx"
Politirapport.aspx;System.Collections.Generic.Dictionary`2[System.String,System.Object];System.Collections.Generic.Dictionary`2[System.String,System.Object];Ansvar;href="/Skade/hb/ansvarNY/SitePages/Vedrørende%20anerkendelse%20i%20hundeansvarssager.aspx"
AnsvarMedarbejdersager.aspx;System.Collections.Generic.Dictionary`2[System.String,System.Object];System.Collections.Generic.Dictionary`2[System.String,System.Object];Ansvar;href="/Skade/hb/GenerelSkadepolitik/Sider/Sagerhvoransatteerinvolveret.aspx"
Vedrørende skadelidte stævnede forsikringsselskabet.aspx;System.Collections.Generic.Dictionary`2[System.String,System.Object];System.Collections.Generic.Dictionary`2[System.String,System.Object];Ansvar;href="/Skade/hb/ansvarNY/Delte%20dokumenter/Udskrift%20af%20dombogen%20fra%20Byretsdommen.pdf"
Vedrørende skadelidte stævnede forsikringsselskabet.aspx;System.Collections.Generic.Dictionary`2[System.String,System.Object];System.Collections.Generic.Dictionary`2[System.String,System.Object];Ansvar;href="/Skade/hb/ansvarNY/Delte%20dokumenter/Udskrift%20af%20retsbogen%20fra%20Landsretsdommen.pdf"
Vedrørende skadelidte stævnede forsikringsselskabet.aspx;System.Collections.Generic.Dictionary`2[System.String,System.Object];System.Collections.Generic.Dictionary`2[System.String,System.Object];Ansvar;href="/Skade/hb/ansvarNY/Delte%20dokumenter/Udskrift%20af%20Højesteretsdommen.pdf"
Tjenesteydelse.aspx;System.Collections.Generic.Dictionary`2[System.String,System.Object];System.Collections.Generic.Dictionary`2[System.String,System.Object];Ansvar;href="/Skade/hb/ansvarNY/SitePages/specielt%20ved%20håndsrækninger.aspx"
Tjenesteydelse.aspx;System.Collections.Generic.Dictionary`2[System.String,System.Object];System.Collections.Generic.Dictionary`2[System.String,System.Object];Ansvar;href="/Skade/hb/ansvarNY/SitePages/Gæstebudsskade.aspx"
Tjenesteydelse.aspx;System.Collections.Generic.Dictionary`2[System.String,System.Object];System.Collections.Generic.Dictionary`2[System.String,System.Object];Ansvar;href="/Skade/hb/ansvarNY/SitePages/Vedrørende%20tjenesteydelse.aspx"
Tjenesteydelse.aspx;System.Collections.Generic.Dictionary`2[System.String,System.Object];System.Collections.Generic.Dictionary`2[System.String,System.Object];Ansvar;href="/Skade/hb/ansvarNY/Delte%20dokumenter/Vennetjenester%20og%20forsikring%20-%20Pjece%20fra%20Forsikring%20og%20pension.pdf"
Hesteskader.aspx;System.Collections.Generic.Dictionary`2[System.String,System.Object];System.Collections.Generic.Dictionary`2[System.String,System.Object];Ansvar;href="/Skade/hb/ansvarNY/SitePages/Danske%20Lov%206-10-2.aspx"
Hesteskader.aspx;System.Collections.Generic.Dictionary`2[System.String,System.Object];System.Collections.Generic.Dictionary`2[System.String,System.Object];Ansvar;href="/Skade/hb/ansvarNY/SitePages/Mark-%20og%20vejfredsloven.aspx"
Hesteskader.aspx;System.Collections.Generic.Dictionary`2[System.String,System.Object];System.Collections.Generic.Dictionary`2[System.String,System.Object];Ansvar;href="/Skade/hb/ansvarNY/SitePages/Lov%20om%20erstatningsansvar%20§%2025.aspx"
Hesteskader.aspx;System.Collections.Generic.Dictionary`2[System.String,System.Object];System.Collections.Generic.Dictionary`2[System.String,System.Object];Ansvar;href="/Skade/hb/ansvarNY/SitePages/Vedrørende%20ukendte%20og%20uforsikrede%20heste.aspx"
Hesteskader.aspx;System.Collections.Generic.Dictionary`2[System.String,System.Object];System.Collections.Generic.Dictionary`2[System.String,System.Object];Ansvar;href="/Skade/hb/ansvarNY/SitePages/Vedrørende%20skader%20forvoldt%20af%20heste.aspx"
Hesteskader.aspx;System.Collections.Generic.Dictionary`2[System.String,System.Object];System.Collections.Generic.Dictionary`2[System.String,System.Object];Ansvar;href="/Skade/hb/ansvarNY/SitePages/Kapitel%202-aftalen.aspx"
Vejledning til behandling af en ansvarssag.aspx;System.Collections.Generic.Dictionary`2[System.String,System.Object];System.Collections.Generic.Dictionary`2[System.String,System.Object];Ansvar;href="/Skade/hb/ansvarNY/SitePages/Vedrørende%20selskabets%20anerkendelse.aspx"
Vejledning til behandling af en ansvarssag.aspx;System.Collections.Generic.Dictionary`2[System.String,System.Object];System.Collections.Generic.Dictionary`2[System.String,System.Object];Ansvar;href="/Skade/hb/ansvarNY/SitePages/Uagtsomhedsgrader.aspx"
Vejledning til behandling af en ansvarssag.aspx;System.Collections.Generic.Dictionary`2[System.String,System.Object];System.Collections.Generic.Dictionary`2[System.String,System.Object];Ansvar;href="/Skade/hb/ansvarNY/SitePages/husejeransvar.aspx"
Vejledning til behandling af en ansvarssag.aspx;System.Collections.Generic.Dictionary`2[System.String,System.Object];System.Collections.Generic.Dictionary`2[System.String,System.Object];Ansvar;href="/Skade/hb/regres/skadetyper/Sider/Skader-forvoldt-af-elforsyningsvirksomheder-(overspændinger-mv.).aspx"
Vejledning til behandling af en ansvarssag.aspx;System.Collections.Generic.Dictionary`2[System.String,System.Object];System.Collections.Generic.Dictionary`2[System.String,System.Object];Ansvar;href="/Skade/hb/ansvarNY/SitePages/En%20værnet%20interesse.aspx"
Vejledning til behandling af en ansvarssag.aspx;System.Collections.Generic.Dictionary`2[System.String,System.Object];System.Collections.Generic.Dictionary`2[System.String,System.Object];Ansvar;href="/Skade/hb/ansvarNY/SitePages/Påregnelig.aspx"
Vejledning til behandling af en ansvarssag.aspx;System.Collections.Generic.Dictionary`2[System.String,System.Object];System.Collections.Generic.Dictionary`2[System.String,System.Object];Ansvar;href="/Skade/hb/ansvarNY/SitePages/Nødret.aspx"
Vejledning til behandling af en ansvarssag.aspx;System.Collections.Generic.Dictionary`2[System.String,System.Object];System.Collections.Generic.Dictionary`2[System.String,System.Object];Ansvar;href="/Skade/hb/ansvarNY/SitePages/Uanmodet%20forretningsførelse.aspx"
Vejledning til behandling af en ansvarssag.aspx;System.Collections.Generic.Dictionary`2[System.String,System.Object];System.Collections.Generic.Dictionary`2[System.String,System.Object];Ansvar;href="/Skade/hb/ansvarNY/SitePages/Vedrørende%20Hundeslagsmål.aspx"
Vejledning til behandling af en ansvarssag.aspx;System.Collections.Generic.Dictionary`2[System.String,System.Object];System.Collections.Generic.Dictionary`2[System.String,System.Object];Ansvar;href="/Skade/hb/ansvarNY/SitePages/Vedrørende%20Hundeansvar%20-%20personskader%20-%20egen%20medvirken.aspx"
Vejledning til behandling af en ansvarssag.aspx;System.Collections.Generic.Dictionary`2[System.String,System.Object];System.Collections.Generic.Dictionary`2[System.String,System.Object];Ansvar;href="/Skade/hb/ansvarNY/SitePages/Hvilke%20ansvarsskader%20skal%20vi%20tage%20stilling%20til.aspx"
Skade forvoldt af børn.aspx;System.Collections.Generic.Dictionary`2[System.String,System.Object];System.Collections.Generic.Dictionary`2[System.String,System.Object];Ansvar;href="/Skade/hb/ansvarNY/SitePages/Vedrørende%20grov%20uagtsomhed.aspx"
Skade forvoldt af børn.aspx;System.Collections.Generic.Dictionary`2[System.String,System.Object];System.Collections.Generic.Dictionary`2[System.String,System.Object];Ansvar;href="/Skade/hb/ansvarNY/SitePages/Forældres%20hæftelsesansvar.aspx"
Skade forvoldt af børn.aspx;System.Collections.Generic.Dictionary`2[System.String,System.Object];System.Collections.Generic.Dictionary`2[System.String,System.Object];Ansvar;href="/Skade/hb/ansvarNY/SitePages/Gæstebud%20i%20forhold%20til%20mindre%20børn.aspx"
Skade forvoldt af børn.aspx;System.Collections.Generic.Dictionary`2[System.String,System.Object];System.Collections.Generic.Dictionary`2[System.String,System.Object];Ansvar;href="/Skade/hb/ansvarNY/SitePages/Vedrørende%20forsætligt%20forvoldte%20skader,%20som%20skyldes%20handicap%20og%20sygdom.aspx"
Skade forvoldt af børn.aspx;System.Collections.Generic.Dictionary`2[System.String,System.Object];System.Collections.Generic.Dictionary`2[System.String,System.Object];Ansvar;href="/Skade/hb/ansvarNY/SitePages/Vedrørende%20forsætligt%20forvoldte%20skader,%20som%20skyldes%20evnen%20til%20at%20handle%20fornuftsmæssigt.aspx"
Medarbejderens egen hæftelse.aspx;System.Collections.Generic.Dictionary`2[System.String,System.Object];System.Collections.Generic.Dictionary`2[System.String,System.Object];Ansvar;href="/Skade/hb/ansvarNY/SitePages/Erstatningsansvarslovens%20§%2023.aspx"
Færdselsskader.aspx;System.Collections.Generic.Dictionary`2[System.String,System.Object];System.Collections.Generic.Dictionary`2[System.String,System.Object];Ansvar;href="/Skade/hb/ansvarNY/SitePages/Vedrørende%20selskabets%20anerkendelse.aspx"
Færdselsskader.aspx;System.Collections.Generic.Dictionary`2[System.String,System.Object];System.Collections.Generic.Dictionary`2[System.String,System.Object];Ansvar;href="/Skade/hb/ansvarNY/SitePages/Politirapport.aspx"
Færdselsskader.aspx;System.Collections.Generic.Dictionary`2[System.String,System.Object];System.Collections.Generic.Dictionary`2[System.String,System.Object];Ansvar;href="/Skade/hb/ansvarNY/SitePages/Vedrørende%20færdselsskader.aspx"
Hæftelse for købte varer.aspx;System.Collections.Generic.Dictionary`2[System.String,System.Object];System.Collections.Generic.Dictionary`2[System.String,System.Object];Ansvar;href="/Skade/hb/ansvarNY/SitePages/Varer%20i%20udvalg%20-%20køb%20på%20prøve.aspx"
Varetægt.aspx;System.Collections.Generic.Dictionary`2[System.String,System.Object];System.Collections.Generic.Dictionary`2[System.String,System.Object];Ansvar;href="/Skade/hb/ansvarNY/SitePages/Lån%20og%20leje.aspx"
Varetægt.aspx;System.Collections.Generic.Dictionary`2[System.String,System.Object];System.Collections.Generic.Dictionary`2[System.String,System.Object];Ansvar;href="/Skade/hb/ansvarNY/SitePages/Motorkøretøj%20-%20børns%20ansvar%20-%20varetægt.aspx"
Varetægt.aspx;System.Collections.Generic.Dictionary`2[System.String,System.Object];System.Collections.Generic.Dictionary`2[System.String,System.Object];Ansvar;href="/Skade/hb/ansvarNY/SitePages/Vedrørende%20varetægt.aspx"
Varetægt.aspx;System.Collections.Generic.Dictionary`2[System.String,System.Object];System.Collections.Generic.Dictionary`2[System.String,System.Object];Ansvar;href="/Skade/hb/ansvarNY/SitePages/Vedrørende%20tjenesteydelse.aspx"
Afskrivning i skadelidtes krav.aspx;System.Collections.Generic.Dictionary`2[System.String,System.Object];System.Collections.Generic.Dictionary`2[System.String,System.Object];Ansvar;href="/Skade/hb/ansvarNY/SitePages/Erstatningens%20størrelse%20for%20dyr.aspx"
Afskrivning i skadelidtes krav.aspx;System.Collections.Generic.Dictionary`2[System.String,System.Object];System.Collections.Generic.Dictionary`2[System.String,System.Object];Ansvar;href="/Skade/hb/ansvarNY/SitePages/Vedrørende%20reduktion%20i%20erstatningens%20størrelse,%20hvis%20skadelidte%20ved%20grov%20uagtsomhed%20har%20medvirket%20til%20skaden.aspx"
Småskader.aspx;System.Collections.Generic.Dictionary`2[System.String,System.Object];System.Collections.Generic.Dictionary`2[System.String,System.Object];Ansvar;href="/Skade/hb/ansvarNY/Delte%20dokumenter/Brev%20til%20skl.rtf"
Småskader.aspx;System.Collections.Generic.Dictionary`2[System.String,System.Object];System.Collections.Generic.Dictionary`2[System.String,System.Object];Ansvar;href="/Skade/hb/ansvarNY/Delte%20dokumenter/Brev%20til%20medlem.rtf"
Småskader.aspx;System.Collections.Generic.Dictionary`2[System.String,System.Object];System.Collections.Generic.Dictionary`2[System.String,System.Object];Ansvar;href="/Skade/hb/ansvarNY/SitePages/Lov%20om%20erstatningsansvar%20§%2025.aspx"
Danske Lov 3-19-2.aspx;System.Collections.Generic.Dictionary`2[System.String,System.Object];System.Collections.Generic.Dictionary`2[System.String,System.Object];Ansvar;href="/policehaandbog/bg3/Sider/bg3-Lærer-praktikansvar.aspx"
Danske Lov 3-19-2.aspx;System.Collections.Generic.Dictionary`2[System.String,System.Object];System.Collections.Generic.Dictionary`2[System.String,System.Object];Ansvar;href="/Skade/hb/ansvarNY/SitePages/selvstændigt%20virkende%20tredjemand.aspx"
Danske Lov 3-19-2.aspx;System.Collections.Generic.Dictionary`2[System.String,System.Object];System.Collections.Generic.Dictionary`2[System.String,System.Object];Ansvar;href="/Skade/hb/ansvarNY/SitePages/Vedrørende%20ansatte%20forvolder%20skade%20på%20hinanden.aspx"
Hund gør andre dyr bange.aspx;System.Collections.Generic.Dictionary`2[System.String,System.Object];System.Collections.Generic.Dictionary`2[System.String,System.Object];Ansvar;href="/Skade/hb/ansvarNY/Delte%20dokumenter/Vestre%20Landsrets%20dom%20vedrørende%20hund.pdf"
Hund gør andre dyr bange.aspx;System.Collections.Generic.Dictionary`2[System.String,System.Object];System.Collections.Generic.Dictionary`2[System.String,System.Object];Ansvar;href="/Skade/hb/ansvarNY/SitePages/Spændende%20hundeansvarssager.aspx"
Hund gør andre dyr bange.aspx;System.Collections.Generic.Dictionary`2[System.String,System.Object];System.Collections.Generic.Dictionary`2[System.String,System.Object];Ansvar;href="/Skade/hb/ansvarNY/SitePages/Regres%20Hundeansvarsforsikring.aspx"
Hund gør andre dyr bange.aspx;System.Collections.Generic.Dictionary`2[System.String,System.Object];System.Collections.Generic.Dictionary`2[System.String,System.Object];Ansvar;href="/Skade/hb/ansvarNY/SitePages/Erstatningens%20størrelse%20for%20dyr.aspx"
Personskader sket i udlandet.aspx;System.Collections.Generic.Dictionary`2[System.String,System.Object];System.Collections.Generic.Dictionary`2[System.String,System.Object];Ansvar;href="/Skade/hb/bil/SitePages/LB%27s%20Grønt%20kort%20partnere.aspx"
Personskader sket i udlandet.aspx;System.Collections.Generic.Dictionary`2[System.String,System.Object];System.Collections.Generic.Dictionary`2[System.String,System.Object];Ansvar;href="/Skade/hb/bil/SitePages/Grønt%20kort%20bureauer.aspx"
Personskader sket i udlandet.aspx;System.Collections.Generic.Dictionary`2[System.String,System.Object];System.Collections.Generic.Dictionary`2[System.String,System.Object];Ansvar;href="/Skade/hb/ansvarNY/SitePages/Betaling%20til%20vores%20samarbejdspartnere.aspx"
Snubleskader.aspx;System.Collections.Generic.Dictionary`2[System.String,System.Object];System.Collections.Generic.Dictionary`2[System.String,System.Object];Ansvar;href="/Skade/hb/ansvarNY/SitePages/Vedrørende%20snubleskader.aspx"
Skade sket under Jagt.aspx;System.Collections.Generic.Dictionary`2[System.String,System.Object];System.Collections.Generic.Dictionary`2[System.String,System.Object];Ansvar;href="http://www.advokatfirmaet-erritzoe.dk/gfx/%c3%98LD%2014%20juni%202012.pdf"
produktansvar.aspx;System.Collections.Generic.Dictionary`2[System.String,System.Object];System.Collections.Generic.Dictionary`2[System.String,System.Object];Ansvar;href="/Skade/hb/ansvarNY/SitePages/Vedrørende%20produktansvar.aspx"
produktansvar.aspx;System.Collections.Generic.Dictionary`2[System.String,System.Object];System.Collections.Generic.Dictionary`2[System.String,System.Object];Ansvar;href="/Skade/hb/regres/skadetyper/Sider/Skader-forvoldt-af-defekte-produkter.aspx"
Lov om Erstatningsansvar § 25.aspx;System.Collections.Generic.Dictionary`2[System.String,System.Object];System.Collections.Generic.Dictionary`2[System.String,System.Object];Ansvar;href="/Skade/hb/ansvarNY/SitePages/småskader.aspx"
Forurening.aspx;System.Collections.Generic.Dictionary`2[System.String,System.Object];System.Collections.Generic.Dictionary`2[System.String,System.Object];Ansvar;href="/Skade/hb/indbogl/Sider/Klinkedommen---gennemgang-og-konsekvensbetragtninger.aspx"
Klage over afgørelse.aspx;System.Collections.Generic.Dictionary`2[System.String,System.Object];System.Collections.Generic.Dictionary`2[System.String,System.Object];Ansvar;href="/Skade/hb/ansvarNY/SitePages/Besvarelse%20af%20klagesager.aspx"
Graveskader på ledninger.aspx;System.Collections.Generic.Dictionary`2[System.String,System.Object];System.Collections.Generic.Dictionary`2[System.String,System.Object];Ansvar;href="/Skade/hb/ansvarNY/SitePages/Vedrørende%20graveskader.aspx"
Graveskader på ledninger.aspx;System.Collections.Generic.Dictionary`2[System.String,System.Object];System.Collections.Generic.Dictionary`2[System.String,System.Object];Ansvar;href="/Skade/hb/ansvarNY/SitePages/Ledningsejerregistret.aspx"
Uagtsomhedsgrader.aspx;System.Collections.Generic.Dictionary`2[System.String,System.Object];System.Collections.Generic.Dictionary`2[System.String,System.Object];Ansvar;href="/Skade/hb/ansvarNY/SitePages/husejeransvar.aspx"
Uagtsomhedsgrader.aspx;System.Collections.Generic.Dictionary`2[System.String,System.Object];System.Collections.Generic.Dictionary`2[System.String,System.Object];Ansvar;href="/Skade/hb/ansvarNY/SitePages/Vedrørende%20hændelige%20skader.aspx"
Uagtsomhedsgrader.aspx;System.Collections.Generic.Dictionary`2[System.String,System.Object];System.Collections.Generic.Dictionary`2[System.String,System.Object];Ansvar;href="/Skade/hb/ansvarNY/SitePages/Vedrørende%20grov%20uagtsomhed.aspx"
Uagtsomhedsgrader.aspx;System.Collections.Generic.Dictionary`2[System.String,System.Object];System.Collections.Generic.Dictionary`2[System.String,System.Object];Ansvar;href="/Skade/hb/ansvarNY/SitePages/Vedrørende%20forsætlige%20skader.aspx"
Uagtsomhedsgrader.aspx;System.Collections.Generic.Dictionary`2[System.String,System.Object];System.Collections.Generic.Dictionary`2[System.String,System.Object];Ansvar;href="/Skade/hb/ansvarNY/SitePages/Manglet%20evnen%20til%20at%20handle%20fornuftsmæssigt.aspx"
Uagtsomhedsgrader.aspx;System.Collections.Generic.Dictionary`2[System.String,System.Object];System.Collections.Generic.Dictionary`2[System.String,System.Object];Ansvar;href="/Skade/hb/ansvarNY/SitePages/Vedrørende%20forsætligt%20forvoldte%20skader,%20som%20skyldes%20handicap%20og%20sygdom.aspx"
Uagtsomhedsgrader.aspx;System.Collections.Generic.Dictionary`2[System.String,System.Object];System.Collections.Generic.Dictionary`2[System.String,System.Object];Ansvar;href="/Skade/hb/ansvarNY/SitePages/Vedrørende%20forsætligt%20forvoldte%20skader,%20som%20skyldes%20evnen%20til%20at%20handle%20fornuftsmæssigt.aspx"
Uagtsomhedsgrader.aspx;System.Collections.Generic.Dictionary`2[System.String,System.Object];System.Collections.Generic.Dictionary`2[System.String,System.Object];Ansvar;href="/Skade/hb/ansvarNY/SitePages/Forældres%20hæftelsesansvar.aspx"
Cykler.aspx;System.Collections.Generic.Dictionary`2[System.String,System.Object];System.Collections.Generic.Dictionary`2[System.String,System.Object];Ansvar;href="/Skade/hb/ansvarNY/SitePages/varetægt.aspx"
Cykler.aspx;System.Collections.Generic.Dictionary`2[System.String,System.Object];System.Collections.Generic.Dictionary`2[System.String,System.Object];Ansvar;href="/Skade/hb/ansvarNY/SitePages/Cykler%20lånt%20eller%20lejet%20i%20udlandet.aspx"
Cykler.aspx;System.Collections.Generic.Dictionary`2[System.String,System.Object];System.Collections.Generic.Dictionary`2[System.String,System.Object];Ansvar;href="/Skade/hb/ansvarNY/SitePages/Dobbeltforsikring.aspx"
Erstatningens størrelse for dyr.aspx;System.Collections.Generic.Dictionary`2[System.String,System.Object];System.Collections.Generic.Dictionary`2[System.String,System.Object];Ansvar;href="/Skade/hb/hund/SitePages/Dyrlægekonsulent%20Søren%20Karstensen.aspx"
Sådan foregår retssager.aspx;System.Collections.Generic.Dictionary`2[System.String,System.Object];System.Collections.Generic.Dictionary`2[System.String,System.Object];Ansvar;href="/Skade/hb/ansvarNY/SitePages/Vedrørende%20skadelidte%20stævnede%20forsikringsselskabet.aspx"
Lån og leje.aspx;System.Collections.Generic.Dictionary`2[System.String,System.Object];System.Collections.Generic.Dictionary`2[System.String,System.Object];Ansvar;href="/Skade/hb/ansvarNY/SitePages/cykler.aspx"
Lån og leje.aspx;System.Collections.Generic.Dictionary`2[System.String,System.Object];System.Collections.Generic.Dictionary`2[System.String,System.Object];Ansvar;href="/Skade/hb/ansvarNY/SitePages/Vedrørende%20lånte%20og%20lejede%20cykler.aspx"
Lån og leje.aspx;System.Collections.Generic.Dictionary`2[System.String,System.Object];System.Collections.Generic.Dictionary`2[System.String,System.Object];Ansvar;href="/Skade/hb/ansvarNY/SitePages/Cykler%20lånt%20eller%20lejet%20i%20udlandet.aspx"
Lån og leje.aspx;System.Collections.Generic.Dictionary`2[System.String,System.Object];System.Collections.Generic.Dictionary`2[System.String,System.Object];Ansvar;href="http://www.ankeforsikring.dk/layouts/ViewDocument.aspx?Type=1&amp;ID=232991"
Lån og leje.aspx;System.Collections.Generic.Dictionary`2[System.String,System.Object];System.Collections.Generic.Dictionary`2[System.String,System.Object];Ansvar;href="/Skade/hb/ansvarNY/SitePages/dobbeltforsikring.aspx"
Lån og leje.aspx;System.Collections.Generic.Dictionary`2[System.String,System.Object];System.Collections.Generic.Dictionary`2[System.String,System.Object];Ansvar;href="/Skade/hb/ansvarNY/SitePages/Hvem%20behandler%20skader%20på%20lånte%20og%20lejede%20genstande.aspx"
Lån og leje.aspx;System.Collections.Generic.Dictionary`2[System.String,System.Object];System.Collections.Generic.Dictionary`2[System.String,System.Object];Ansvar;href="/Skade/hb/ansvarNY/Delte%20dokumenter/Skema%20lånt-lejet%20rejsegods.docx"
Glideskader.aspx;System.Collections.Generic.Dictionary`2[System.String,System.Object];System.Collections.Generic.Dictionary`2[System.String,System.Object];Ansvar;href="/Skade/hb/ansvarNY/SitePages/Lov%20om%20Erstatningsansvar%20§%2025.aspx"
Glideskader.aspx;System.Collections.Generic.Dictionary`2[System.String,System.Object];System.Collections.Generic.Dictionary`2[System.String,System.Object];Ansvar;href="/Skade/hb/ansvarNY/SitePages/Husejers%20ansvar%20for%20lejers%20forsømmelse.aspx"
Glideskader.aspx;System.Collections.Generic.Dictionary`2[System.String,System.Object];System.Collections.Generic.Dictionary`2[System.String,System.Object];Ansvar;href="http://www.ret-raad.dk/Offices/NykoebingF/Private/Articles/Article%20List/naar-sneen-daler.aspx"
Glideskader.aspx;System.Collections.Generic.Dictionary`2[System.String,System.Object];System.Collections.Generic.Dictionary`2[System.String,System.Object];Ansvar;href="/Skade/hb/ansvarNY/SitePages/Vedrørende%20glideskader.aspx"
Glideskader.aspx;System.Collections.Generic.Dictionary`2[System.String,System.Object];System.Collections.Generic.Dictionary`2[System.String,System.Object];Ansvar;href="/Skade/hb/ansvarNY/SitePages/Vintervedligeholdelse%20af%20Offentlige%20veje.aspx"
Glideskader.aspx;System.Collections.Generic.Dictionary`2[System.String,System.Object];System.Collections.Generic.Dictionary`2[System.String,System.Object];Ansvar;href="/Skade/hb/ansvarNY/SitePages/Vintervedligeholdelse%20af%20Private%20fællesveje.aspx"
Uønsket parring - egen skyld.aspx;System.Collections.Generic.Dictionary`2[System.String,System.Object];System.Collections.Generic.Dictionary`2[System.String,System.Object];Ansvar;href="/Skade/hb/ansvarNY/SitePages/Vedrørende%20uønsket%20parring.aspx"
Uønsket parring - egen skyld.aspx;System.Collections.Generic.Dictionary`2[System.String,System.Object];System.Collections.Generic.Dictionary`2[System.String,System.Object];Ansvar;href="/Skade/hb/ansvarNY/SitePages/Regres%20Hundeansvarsforsikring.aspx"
Uønsket parring - egen skyld.aspx;System.Collections.Generic.Dictionary`2[System.String,System.Object];System.Collections.Generic.Dictionary`2[System.String,System.Object];Ansvar;href="/Skade/hb/ansvarNY/SitePages/Erstatningens%20størrelse%20for%20dyr.aspx"
Skade på feriebolig.aspx;System.Collections.Generic.Dictionary`2[System.String,System.Object];System.Collections.Generic.Dictionary`2[System.String,System.Object];Ansvar;href="/Skade/hb/ansvarNY/SitePages/Erstatningsopgørelse%20for%20lånte%20eller%20lejede%20nøgler.aspx"
Skade på feriebolig.aspx;System.Collections.Generic.Dictionary`2[System.String,System.Object];System.Collections.Generic.Dictionary`2[System.String,System.Object];Ansvar;href="/Skade/hb/ansvarNY/SitePages/Skade%20på%20bygningsdele%20i%20hotelværelser%20og%20lejede%20ferieboliger.aspx"
Vintervedligeholdelse af Offentlige veje.aspx;System.Collections.Generic.Dictionary`2[System.String,System.Object];System.Collections.Generic.Dictionary`2[System.String,System.Object];Ansvar;href="#_ftn1"
Vintervedligeholdelse af Offentlige veje.aspx;System.Collections.Generic.Dictionary`2[System.String,System.Object];System.Collections.Generic.Dictionary`2[System.String,System.Object];Ansvar;href="#_ftn2"
Vintervedligeholdelse af Offentlige veje.aspx;System.Collections.Generic.Dictionary`2[System.String,System.Object];System.Collections.Generic.Dictionary`2[System.String,System.Object];Ansvar;href="#_ftnref1"
Vintervedligeholdelse af Offentlige veje.aspx;System.Collections.Generic.Dictionary`2[System.String,System.Object];System.Collections.Generic.Dictionary`2[System.String,System.Object];Ansvar;href="#_ftnref2"
Vintervedligeholdelse af Offentlige veje.aspx;System.Collections.Generic.Dictionary`2[System.String,System.Object];System.Collections.Generic.Dictionary`2[System.String,System.Object];Ansvar;href="#_ftn1"
Vintervedligeholdelse af Offentlige veje.aspx;System.Collections.Generic.Dictionary`2[System.String,System.Object];System.Collections.Generic.Dictionary`2[System.String,System.Object];Ansvar;href="#_ftn2"
Vintervedligeholdelse af Offentlige veje.aspx;System.Collections.Generic.Dictionary`2[System.String,System.Object];System.Collections.Generic.Dictionary`2[System.String,System.Object];Ansvar;href="#_ftnref1"
Vintervedligeholdelse af Offentlige veje.aspx;System.Collections.Generic.Dictionary`2[System.String,System.Object];System.Collections.Generic.Dictionary`2[System.String,System.Object];Ansvar;href="/Skade/hb/ansvarNY/SitePages/Vintervedligeholdelse%20af%20Offentlige%20veje.aspx?WikiPageMode=Edit&amp;InitialTabId=Ribbon.EditingTools.CPEditTab&amp;VisibilityContext=WSSWikiPage#_ftnref2"
Vintervedligeholdelse af Offentlige veje.aspx;System.Collections.Generic.Dictionary`2[System.String,System.Object];System.Collections.Generic.Dictionary`2[System.String,System.Object];Ansvar;href="/Skade/hb/ansvarNY/SitePages/Vintervedligeholdelse%20af%20Offentlige%20veje.aspx?WikiPageMode=Edit&amp;InitialTabId=Ribbon.EditingTools.CPEditTab&amp;VisibilityContext=WSSWikiPage#_ftn1"
Vintervedligeholdelse af Private fællesveje.aspx;System.Collections.Generic.Dictionary`2[System.String,System.Object];System.Collections.Generic.Dictionary`2[System.String,System.Object];Ansvar;href="/Skade/hb/ansvarNY/SitePages/Vintervedligeholdelse%20af%20Private%20fællesveje.aspx?WikiPageMode=Edit&amp;InitialTabId=Ribbon.EditingTools.CPEditTab&amp;VisibilityContext=WSSWikiPage#_ftn1"
Vintervedligeholdelse af Private fællesveje.aspx;System.Collections.Generic.Dictionary`2[System.String,System.Object];System.Collections.Generic.Dictionary`2[System.String,System.Object];Ansvar;href="#_ftn2"
Vintervedligeholdelse af Private fællesveje.aspx;System.Collections.Generic.Dictionary`2[System.String,System.Object];System.Collections.Generic.Dictionary`2[System.String,System.Object];Ansvar;href="#_ftn3"
Vintervedligeholdelse af Private fællesveje.aspx;System.Collections.Generic.Dictionary`2[System.String,System.Object];System.Collections.Generic.Dictionary`2[System.String,System.Object];Ansvar;href="/Skade/hb/ansvarNY/SitePages/Vintervedligeholdelse%20af%20Private%20fællesveje.aspx?WikiPageMode=Edit&amp;InitialTabId=Ribbon.EditingTools.CPEditTab&amp;VisibilityContext=WSSWikiPage#_ftnref2"
Vintervedligeholdelse af Private fællesveje.aspx;System.Collections.Generic.Dictionary`2[System.String,System.Object];System.Collections.Generic.Dictionary`2[System.String,System.Object];Ansvar;href="/Skade/hb/ansvarNY/SitePages/Vintervedligeholdelse%20af%20Private%20fællesveje.aspx?WikiPageMode=Edit&amp;InitialTabId=Ribbon.EditingTools.CPEditTab&amp;VisibilityContext=WSSWikiPage#_ftnref3"
Vintervedligeholdelse af Private fællesveje.aspx;System.Collections.Generic.Dictionary`2[System.String,System.Object];System.Collections.Generic.Dictionary`2[System.String,System.Object];Ansvar;href="#_ftn1"
Vintervedligeholdelse af Private fællesveje.aspx;System.Collections.Generic.Dictionary`2[System.String,System.Object];System.Collections.Generic.Dictionary`2[System.String,System.Object];Ansvar;href="/Skade/hb/ansvarNY/SitePages/Vintervedligeholdelse%20af%20Private%20fællesveje.aspx?WikiPageMode=Edit&amp;InitialTabId=Ribbon.EditingTools.CPEditTab&amp;VisibilityContext=WSSWikiPage#_ftnref1"
Specielt for personer med bofællesskab, familie i øvrigt samt gæster.aspx;System.Collections.Generic.Dictionary`2[System.String,System.Object];System.Collections.Generic.Dictionary`2[System.String,System.Object];Ansvar;href="/Skade/hb/ansvarNY/SitePages/Arbejdsskadeforsikring%20-%20Arbejdsskadestyrelsen.aspx"
Ting og personskader forvoldt på en sikret person.aspx;System.Collections.Generic.Dictionary`2[System.String,System.Object];System.Collections.Generic.Dictionary`2[System.String,System.Object];Ansvar;href="/Skade/hb/ansvarNY/SitePages/Vedrørende%20pasning%20af%20hund.aspx"
Ting og personskader forvoldt på en sikret person.aspx;System.Collections.Generic.Dictionary`2[System.String,System.Object];System.Collections.Generic.Dictionary`2[System.String,System.Object];Ansvar;href="/Skade/hb/ansvarNY/SitePages/Vedrørende%20Hundeansvar%20-%20accept%20af%20risiko.aspx"
Specielt ved gensidig hjælp.aspx;System.Collections.Generic.Dictionary`2[System.String,System.Object];System.Collections.Generic.Dictionary`2[System.String,System.Object];Ansvar;href="/Skade/hb/ansvarNY/SitePages/Arbejdsskadeforsikring%20-%20Arbejdsskadestyrelsen.aspx"
Arbejdsskadeforsikring - Arbejdsskadestyrelsen.aspx;System.Collections.Generic.Dictionary`2[System.String,System.Object];System.Collections.Generic.Dictionary`2[System.String,System.Object];Ansvar;href="/Skade/hb/ansvarNY/SitePages/Specielt%20ved%20gensidig%20hjælp.aspx"
Arbejdsskadeforsikring - Arbejdsskadestyrelsen.aspx;System.Collections.Generic.Dictionary`2[System.String,System.Object];System.Collections.Generic.Dictionary`2[System.String,System.Object];Ansvar;href="/Skade/hb/ansvarNY/SitePages/Specielt%20ved%20håndsrækninger.aspx"
Arbejdsskadeforsikring - Arbejdsskadestyrelsen.aspx;System.Collections.Generic.Dictionary`2[System.String,System.Object];System.Collections.Generic.Dictionary`2[System.String,System.Object];Ansvar;href="/Skade/hb/ansvarNY/SitePages/Specielt%20for%20personer%20med%20bofællesskab,%20familie%20i%20øvrigt%20samt%20gæster.aspx"
Skade sket i boligforeninger.aspx;System.Collections.Generic.Dictionary`2[System.String,System.Object];System.Collections.Generic.Dictionary`2[System.String,System.Object];Ansvar;href="/Skade/hb/ansvarNY/SitePages/Arbejdsskadeforsikring%20-%20Arbejdsskadestyrelsen.aspx"
Specielt ved håndsrækninger.aspx;System.Collections.Generic.Dictionary`2[System.String,System.Object];System.Collections.Generic.Dictionary`2[System.String,System.Object];Ansvar;href="/Skade/hb/ansvarNY/SitePages/Arbejdsskadeforsikring%20-%20Arbejdsskadestyrelsen.aspx"
Vedrørende forsætligt forvoldte skader, som skyldes evnen til at handle fornuftsmæssigt.aspx;System.Collections.Generic.Dictionary`2[System.String,System.Object];System.Collections.Generic.Dictionary`2[System.String,System.Object];Ansvar;href="http://www.ankeforsikring.dk/layouts/ViewDocument.aspx?Type=1&amp;ID=218316"
Vedrørende forsætligt forvoldte skader, som skyldes evnen til at handle fornuftsmæssigt.aspx;System.Collections.Generic.Dictionary`2[System.String,System.Object];System.Collections.Generic.Dictionary`2[System.String,System.Object];Ansvar;href="http://www.ankeforsikring.dk/layouts/ViewDocument.aspx?Type=1&amp;ID=217643"
Vedrørende forsætligt forvoldte skader, som skyldes evnen til at handle fornuftsmæssigt.aspx;System.Collections.Generic.Dictionary`2[System.String,System.Object];System.Collections.Generic.Dictionary`2[System.String,System.Object];Ansvar;href="http://www.ankeforsikring.dk/layouts/ViewDocument.aspx?Type=1&amp;ID=229864"
Vedrørende forsætligt forvoldte skader, som skyldes evnen til at handle fornuftsmæssigt.aspx;System.Collections.Generic.Dictionary`2[System.String,System.Object];System.Collections.Generic.Dictionary`2[System.String,System.Object];Ansvar;href="/Skade/hb/ansvarNY/SitePages/Vedrørende%20forsætligt%20forvoldte%20skader,%20som%20skyldes%20handicap%20og%20sygdom.aspx"
Vedrørende forsætligt forvoldte skader, som skyldes evnen til at handle fornuftsmæssigt.aspx;System.Collections.Generic.Dictionary`2[System.String,System.Object];System.Collections.Generic.Dictionary`2[System.String,System.Object];Ansvar;href="/Skade/hb/ansvarNY/SitePages/Egne%20skadesager%20forvoldt%20af%20børn.aspx"
Vedrørende forsætligt forvoldte skader, som skyldes handicap og sygdom.aspx;System.Collections.Generic.Dictionary`2[System.String,System.Object];System.Collections.Generic.Dictionary`2[System.String,System.Object];Ansvar;href="http://www.ankeforsikring.dk/layouts/ViewDocument.aspx?Type=1&amp;ID=258593"
Vedrørende forsætligt forvoldte skader, som skyldes handicap og sygdom.aspx;System.Collections.Generic.Dictionary`2[System.String,System.Object];System.Collections.Generic.Dictionary`2[System.String,System.Object];Ansvar;href="http://www.ankeforsikring.dk/layouts/ViewDocument.aspx?Type=1&amp;ID=253361"
Vedrørende forsætligt forvoldte skader, som skyldes handicap og sygdom.aspx;System.Collections.Generic.Dictionary`2[System.String,System.Object];System.Collections.Generic.Dictionary`2[System.String,System.Object];Ansvar;href="http://www.ankeforsikring.dk/layouts/ViewDocument.aspx?Type=1&amp;ID=246163"
Vedrørende forsætligt forvoldte skader, som skyldes handicap og sygdom.aspx;System.Collections.Generic.Dictionary`2[System.String,System.Object];System.Collections.Generic.Dictionary`2[System.String,System.Object];Ansvar;href="/Skade/hb/ansvarNY/SitePages/egne%20skadesager%20forvoldt%20af%20børn.aspx"
Husejeransvar på erhvervsansvarsforsikringen.aspx;System.Collections.Generic.Dictionary`2[System.String,System.Object];System.Collections.Generic.Dictionary`2[System.String,System.Object];Ansvar;href="/Skade/hb/ansvarNY/SitePages/Vedrørende%20skade%20forvoldt%20i%20lejede%20bygninger.aspx"
Husejeransvar på erhvervsansvarsforsikringen.aspx;System.Collections.Generic.Dictionary`2[System.String,System.Object];System.Collections.Generic.Dictionary`2[System.String,System.Object];Ansvar;href="/Skade/hb/ansvarNY/SitePages/Vedrørende%20ejer%20af%20enkelt%20bygning%20ikke%20blev%20anset%20som%20værende%20erhvervsdrivende.aspx"
Ansvar under arbejde for andre.aspx;System.Collections.Generic.Dictionary`2[System.String,System.Object];System.Collections.Generic.Dictionary`2[System.String,System.Object];Ansvar;href="/Skade/hb/ansvarNY/SitePages/Vedrørende%20skade%20forvoldt%20under%20arbejde.aspx"
Ansvar under arbejde for andre.aspx;System.Collections.Generic.Dictionary`2[System.String,System.Object];System.Collections.Generic.Dictionary`2[System.String,System.Object];Ansvar;href="/Skade/hb/ansvarNY/SitePages/Husejeransvar.aspx"
Skade på lejer.aspx;System.Collections.Generic.Dictionary`2[System.String,System.Object];System.Collections.Generic.Dictionary`2[System.String,System.Object];Ansvar;href="/Skade/hb/ansvarNY/SitePages/Vedrørende%20skade%20forvoldt%20i%20lejede%20bygninger.aspx"
Vedrørende Hundeansvar - personskader - egen medvirken.aspx;System.Collections.Generic.Dictionary`2[System.String,System.Object];System.Collections.Generic.Dictionary`2[System.String,System.Object];Ansvar;href="/Skade/hb/ansvarNY/Delte%20dokumenter/hundedom.pdf"
Vedrørende Hundeansvar - personskader - egen medvirken.aspx;System.Collections.Generic.Dictionary`2[System.String,System.Object];System.Collections.Generic.Dictionary`2[System.String,System.Object];Ansvar;href="http://www.ankeforsikring.dk/layouts/ViewDocument.aspx?Type=1&amp;ID=256403"
Vedrørende Hundeansvar - personskader - egen medvirken.aspx;System.Collections.Generic.Dictionary`2[System.String,System.Object];System.Collections.Generic.Dictionary`2[System.String,System.Object];Ansvar;href="http://www.ankeforsikring.dk/layouts/ViewDocument.aspx?Type=1&amp;ID=245364"
Vedrørende Hundeansvar - personskader - egen medvirken.aspx;System.Collections.Generic.Dictionary`2[System.String,System.Object];System.Collections.Generic.Dictionary`2[System.String,System.Object];Ansvar;href="/Skade/hb/ansvarNY/SitePages/Vedrørende%20hundeslagsmål.aspx"
Vedrørende reduktion i erstatningens størrelse, hvis skadelidte ved grov uagtsomhed har medvirket til skaden.aspx;System.Collections.Generic.Dictionary`2[System.String,System.Object];System.Collections.Generic.Dictionary`2[System.String,System.Object];Ansvar;href="/Skade/hb/ansvarNY/Delte%20dokumenter/Referat%20af%20Højesteretsdom.pdf"
Vedrørende reduktion i erstatningens størrelse, hvis skadelidte ved grov uagtsomhed har medvirket til skaden.aspx;System.Collections.Generic.Dictionary`2[System.String,System.Object];System.Collections.Generic.Dictionary`2[System.String,System.Object];Ansvar;href="/Skade/hb/ansvarNY/Delte%20dokumenter/Højesteretsdommen.pdf"
Vedrørende reduktion i erstatningens størrelse, hvis skadelidte ved grov uagtsomhed har medvirket til skaden.aspx;System.Collections.Generic.Dictionary`2[System.String,System.Object];System.Collections.Generic.Dictionary`2[System.String,System.Object];Ansvar;href="/Skade/hb/ansvarNY/Delte%20dokumenter/Østre%20Landsretsdom.pdf"
Vedrørende reduktion i erstatningens størrelse, hvis skadelidte ved grov uagtsomhed har medvirket til skaden.aspx;System.Collections.Generic.Dictionary`2[System.String,System.Object];System.Collections.Generic.Dictionary`2[System.String,System.Object];Ansvar;href="/Skade/hb/ansvarNY/Delte%20dokumenter/Byretsdommen.pdf"
Skade på anden sikret person.aspx;System.Collections.Generic.Dictionary`2[System.String,System.Object];System.Collections.Generic.Dictionary`2[System.String,System.Object];Ansvar;href="/Skade/hb/ansvarNY/SitePages/Vedrørende%20skade%20på%20sikrede%20personer.aspx"
Manglet evnen til at handle fornuftsmæssigt.aspx;System.Collections.Generic.Dictionary`2[System.String,System.Object];System.Collections.Generic.Dictionary`2[System.String,System.Object];Ansvar;href="/Skade/hb/ansvarNY/SitePages/Vedrørende%20forsætligt%20forvoldte%20skader,%20som%20skyldes%20evnen%20til%20at%20handle%20fornuftsmæssigt.aspx"
Manglet evnen til at handle fornuftsmæssigt.aspx;System.Collections.Generic.Dictionary`2[System.String,System.Object];System.Collections.Generic.Dictionary`2[System.String,System.Object];Ansvar;href="/Skade/hb/ansvarNY/SitePages/Vedrørende%20forsætligt%20forvoldte%20skader,%20som%20skyldes%20handicap%20og%20sygdom.aspx"
Katteskader.aspx;System.Collections.Generic.Dictionary`2[System.String,System.Object];System.Collections.Generic.Dictionary`2[System.String,System.Object];Ansvar;href="/Skade/hb/ansvarNY/SitePages/Mark-%20og%20Vejfredsloven.aspx"
Vedrørende ukendte og uforsikrede heste.aspx;System.Collections.Generic.Dictionary`2[System.String,System.Object];System.Collections.Generic.Dictionary`2[System.String,System.Object];Ansvar;href="/Skade/hb/ansvarNY/SitePages/Mark-%20og%20Vejfredsloven.aspx"
Motoransvar eller privat ansvar.aspx;System.Collections.Generic.Dictionary`2[System.String,System.Object];System.Collections.Generic.Dictionary`2[System.String,System.Object];Ansvar;href="http://www.ankeforsikring.dk/layouts/ViewDocument.aspx?Type=1&amp;ID=217457"
Motoransvar eller privat ansvar.aspx;System.Collections.Generic.Dictionary`2[System.String,System.Object];System.Collections.Generic.Dictionary`2[System.String,System.Object];Ansvar;href="/Skade/hb/ansvarNY/SitePages/Kapitel%202-aftalen.aspx"
Motoransvar eller privat ansvar.aspx;System.Collections.Generic.Dictionary`2[System.String,System.Object];System.Collections.Generic.Dictionary`2[System.String,System.Object];Ansvar;href="/Skade/hb/ansvarNY/SitePages/Vedrørende%20passager%20forvolder%20skade%20på%20bil.aspx"
Vedrørende anerkendelse i hundeansvarssager.aspx;System.Collections.Generic.Dictionary`2[System.String,System.Object];System.Collections.Generic.Dictionary`2[System.String,System.Object];Ansvar;href="http://www.ankeforsikring.dk/layouts/ViewDocument.aspx?Type=1&amp;ID=218081"
Vedrørende skade på sikrede personer.aspx;System.Collections.Generic.Dictionary`2[System.String,System.Object];System.Collections.Generic.Dictionary`2[System.String,System.Object];Ansvar;href="http://www.ankeforsikring.dk/layouts/ViewDocument.aspx?Type=1&amp;ID=257998"
Vedrørende skade på sikrede personer.aspx;System.Collections.Generic.Dictionary`2[System.String,System.Object];System.Collections.Generic.Dictionary`2[System.String,System.Object];Ansvar;href="http://www.ankeforsikring.dk/layouts/ViewDocument.aspx?Type=1&amp;ID=243385"
Vedrørende snubleskader.aspx;System.Collections.Generic.Dictionary`2[System.String,System.Object];System.Collections.Generic.Dictionary`2[System.String,System.Object];Ansvar;href="http://www.ankeforsikring.dk/layouts/ViewDocument.aspx?Type=1&amp;ID=243574"
Vedrørende snubleskader.aspx;System.Collections.Generic.Dictionary`2[System.String,System.Object];System.Collections.Generic.Dictionary`2[System.String,System.Object];Ansvar;href="http://www.ankeforsikring.dk/layouts/ViewDocument.aspx?Type=1&amp;ID=243573"
Vedrørende snubleskader.aspx;System.Collections.Generic.Dictionary`2[System.String,System.Object];System.Collections.Generic.Dictionary`2[System.String,System.Object];Ansvar;href="http://www.ankeforsikring.dk/layouts/ViewDocument.aspx?Type=1&amp;ID=214586"
Vedrørende snubleskader.aspx;System.Collections.Generic.Dictionary`2[System.String,System.Object];System.Collections.Generic.Dictionary`2[System.String,System.Object];Ansvar;href="http://www.ankeforsikring.dk/layouts/ViewDocument.aspx?Type=1&amp;ID=224672"
Vedrørende snubleskader.aspx;System.Collections.Generic.Dictionary`2[System.String,System.Object];System.Collections.Generic.Dictionary`2[System.String,System.Object];Ansvar;href="http://www.ankeforsikring.dk/layouts/ViewDocument.aspx?Type=1&amp;ID=224477"
Vedrørende snubleskader.aspx;System.Collections.Generic.Dictionary`2[System.String,System.Object];System.Collections.Generic.Dictionary`2[System.String,System.Object];Ansvar;href="http://www.ankeforsikring.dk/layouts/ViewDocument.aspx?Type=1&amp;ID=230669"
Vedrørende snubleskader.aspx;System.Collections.Generic.Dictionary`2[System.String,System.Object];System.Collections.Generic.Dictionary`2[System.String,System.Object];Ansvar;href="http://www.ankeforsikring.dk/layouts/ViewDocument.aspx?Type=1&amp;ID=220898"
Vedrørende snubleskader.aspx;System.Collections.Generic.Dictionary`2[System.String,System.Object];System.Collections.Generic.Dictionary`2[System.String,System.Object];Ansvar;href="http://www.ankeforsikring.dk/layouts/ViewDocument.aspx?Type=1&amp;ID=226683"
Vedrørende snubleskader.aspx;System.Collections.Generic.Dictionary`2[System.String,System.Object];System.Collections.Generic.Dictionary`2[System.String,System.Object];Ansvar;href="http://www.ankeforsikring.dk/layouts/ViewDocument.aspx?Type=1&amp;ID=226467"
Vedrørende skade forvoldt under arbejde.aspx;System.Collections.Generic.Dictionary`2[System.String,System.Object];System.Collections.Generic.Dictionary`2[System.String,System.Object];Ansvar;href="/Skade/hb/ansvarNY/SitePages/Tjenesteydelse.aspx"
Vedrørende hundeansvar - accept af risiko.aspx;System.Collections.Generic.Dictionary`2[System.String,System.Object];System.Collections.Generic.Dictionary`2[System.String,System.Object];Ansvar;href="http://www.ankeforsikring.dk/layouts/ViewDocument.aspx?Type=1&amp;ID=256403"
Vedrørende hundeansvar - accept af risiko.aspx;System.Collections.Generic.Dictionary`2[System.String,System.Object];System.Collections.Generic.Dictionary`2[System.String,System.Object];Ansvar;href="http://www.ankeforsikring.dk/layouts/ViewDocument.aspx?Type=1&amp;ID=245364"
Vedrørende hundeansvar - accept af risiko.aspx;System.Collections.Generic.Dictionary`2[System.String,System.Object];System.Collections.Generic.Dictionary`2[System.String,System.Object];Ansvar;href="/Skade/hb/ansvarNY/SitePages/spændende%20hundeansvarssager.aspx"
Vedrørende spirituspåvirkning.aspx;System.Collections.Generic.Dictionary`2[System.String,System.Object];System.Collections.Generic.Dictionary`2[System.String,System.Object];Ansvar;href="http://www.ankeforsikring.dk/layouts/ViewDocument.aspx?Type=1&amp;ID=213609"
Vedrørende spirituspåvirkning.aspx;System.Collections.Generic.Dictionary`2[System.String,System.Object];System.Collections.Generic.Dictionary`2[System.String,System.Object];Ansvar;href="http://www.ankeforsikring.dk/layouts/ViewDocument.aspx?Type=1&amp;ID=231289"
Vedrørende spirituspåvirkning.aspx;System.Collections.Generic.Dictionary`2[System.String,System.Object];System.Collections.Generic.Dictionary`2[System.String,System.Object];Ansvar;href="http://www.ankeforsikring.dk/layouts/ViewDocument.aspx?Type=1&amp;ID=241506"
Vedrørende spirituspåvirkning.aspx;System.Collections.Generic.Dictionary`2[System.String,System.Object];System.Collections.Generic.Dictionary`2[System.String,System.Object];Ansvar;href="/Skade/hb/ansvarNY/SitePages/Forældres%20hæftelsesansvar.aspx"
Vedrørende pasning af hund.aspx;System.Collections.Generic.Dictionary`2[System.String,System.Object];System.Collections.Generic.Dictionary`2[System.String,System.Object];Ansvar;href="http://www.ankeforsikring.dk/layouts/ViewDocument.aspx?Type=1&amp;ID=256133"
Vedrørende ejer af enkelt bygning ikke blev anset som værende erhvervsdrivende.aspx;System.Collections.Generic.Dictionary`2[System.String,System.Object];System.Collections.Generic.Dictionary`2[System.String,System.Object];Ansvar;href="http://www.ankeforsikring.dk/layouts/ViewDocument.aspx?Type=1&amp;ID=222779"
Vedrørende ansatte forvolder skade på hinanden.aspx;System.Collections.Generic.Dictionary`2[System.String,System.Object];System.Collections.Generic.Dictionary`2[System.String,System.Object];Ansvar;href="http://www.ankeforsikring.dk/layouts/ViewDocument.aspx?Type=1&amp;ID=256138"
Vedrørende selskabets anerkendelse.aspx;System.Collections.Generic.Dictionary`2[System.String,System.Object];System.Collections.Generic.Dictionary`2[System.String,System.Object];Ansvar;href="http://www.ankeforsikring.dk/layouts/ViewDocument.aspx?Type=1&amp;ID=245339"
Vedrørende selskabets anerkendelse.aspx;System.Collections.Generic.Dictionary`2[System.String,System.Object];System.Collections.Generic.Dictionary`2[System.String,System.Object];Ansvar;href="/Skade/hb/ansvarNY/SitePages/Vedrørende%20anerkendelse%20i%20hundeansvarssager.aspx"
Vedrørende grov uagtsomhed.aspx;System.Collections.Generic.Dictionary`2[System.String,System.Object];System.Collections.Generic.Dictionary`2[System.String,System.Object];Ansvar;href="/Skade/hb/ansvarNY/SitePages/Vedrørende%20grov%20uagtsomhed%20ved%20brandskader.aspx"
Vedrørende glideskader.aspx;System.Collections.Generic.Dictionary`2[System.String,System.Object];System.Collections.Generic.Dictionary`2[System.String,System.Object];Ansvar;href="/Skade/hb/ansvarNY/Delte%20dokumenter/glideskade%20på%20tankstation.pdf"
Vedrørende glideskader.aspx;System.Collections.Generic.Dictionary`2[System.String,System.Object];System.Collections.Generic.Dictionary`2[System.String,System.Object];Ansvar;href="http://snplaw.com/images/stories/3177_001.pdf"
Vedrørende glideskader.aspx;System.Collections.Generic.Dictionary`2[System.String,System.Object];System.Collections.Generic.Dictionary`2[System.String,System.Object];Ansvar;href="/Skade/hb/ansvarNY/Delte%20dokumenter/Selve%20Østre%20Landsretsdommen.pdf"
Vedrørende glideskader.aspx;System.Collections.Generic.Dictionary`2[System.String,System.Object];System.Collections.Generic.Dictionary`2[System.String,System.Object];Ansvar;href="/Skade/hb/ansvarNY/Delte%20dokumenter/Referat%20af%20Østre%20Landsretsdommen.pdf"
Vedrørende glideskader.aspx;System.Collections.Generic.Dictionary`2[System.String,System.Object];System.Collections.Generic.Dictionary`2[System.String,System.Object];Ansvar;href="/Skade/hb/ansvarNY/Delte%20dokumenter/Byretsdommen.pdf"
Vedrørende glideskader.aspx;System.Collections.Generic.Dictionary`2[System.String,System.Object];System.Collections.Generic.Dictionary`2[System.String,System.Object];Ansvar;href="http://www.ankeforsikring.dk/layouts/ViewDocument.aspx?Type=1&amp;ID=236870"
Vedrørende glideskader.aspx;System.Collections.Generic.Dictionary`2[System.String,System.Object];System.Collections.Generic.Dictionary`2[System.String,System.Object];Ansvar;href="http://www.ankeforsikring.dk/layouts/ViewDocument.aspx?Type=1&amp;ID=240620"
Vedrørende glideskader.aspx;System.Collections.Generic.Dictionary`2[System.String,System.Object];System.Collections.Generic.Dictionary`2[System.String,System.Object];Ansvar;href="http://www.ankeforsikring.dk/layouts/ViewDocument.aspx?Type=1&amp;ID=242792"
Vedrørende glideskader.aspx;System.Collections.Generic.Dictionary`2[System.String,System.Object];System.Collections.Generic.Dictionary`2[System.String,System.Object];Ansvar;href="http://www.ankeforsikring.dk/layouts/ViewDocument.aspx?Type=1&amp;ID=240397"
Vedrørende passager forvolder skade på bil.aspx;System.Collections.Generic.Dictionary`2[System.String,System.Object];System.Collections.Generic.Dictionary`2[System.String,System.Object];Ansvar;href="http://www.ankeforsikring.dk/layouts/ViewDocument.aspx?Type=1&amp;ID=243063"
Vedrørende passager forvolder skade på bil.aspx;System.Collections.Generic.Dictionary`2[System.String,System.Object];System.Collections.Generic.Dictionary`2[System.String,System.Object];Ansvar;href="/Skade/hb/ansvarNY/SitePages/Lov%20om%20Erstatningsansvar%20§%2025.aspx"
Vedrørende forsætlige skader.aspx;System.Collections.Generic.Dictionary`2[System.String,System.Object];System.Collections.Generic.Dictionary`2[System.String,System.Object];Ansvar;href="http://www.ankeforsikring.dk/layouts/ViewDocument.aspx?Type=1&amp;ID=260136"
Vedrørende forsætlige skader.aspx;System.Collections.Generic.Dictionary`2[System.String,System.Object];System.Collections.Generic.Dictionary`2[System.String,System.Object];Ansvar;href="http://www.ankeforsikring.dk/layouts/ViewDocument.aspx?Type=1&amp;ID=248970"
Vedrørende forsætlige skader.aspx;System.Collections.Generic.Dictionary`2[System.String,System.Object];System.Collections.Generic.Dictionary`2[System.String,System.Object];Ansvar;href="http://www.ankeforsikring.dk/layouts/ViewDocument.aspx?Type=1&amp;ID=220674"
Vedrørende forsætlige skader.aspx;System.Collections.Generic.Dictionary`2[System.String,System.Object];System.Collections.Generic.Dictionary`2[System.String,System.Object];Ansvar;href="http://www.ankeforsikring.dk/layouts/ViewDocument.aspx?Type=1&amp;ID=231661"
Vedrørende forsætlige skader.aspx;System.Collections.Generic.Dictionary`2[System.String,System.Object];System.Collections.Generic.Dictionary`2[System.String,System.Object];Ansvar;href="http://www.ankeforsikring.dk/layouts/ViewDocument.aspx?Type=1&amp;ID=257050"
Vedrørende forsætlige skader.aspx;System.Collections.Generic.Dictionary`2[System.String,System.Object];System.Collections.Generic.Dictionary`2[System.String,System.Object];Ansvar;href="http://www.ankeforsikring.dk/layouts/ViewDocument.aspx?Type=1&amp;ID=217935"
Vedrørende forsætlige skader.aspx;System.Collections.Generic.Dictionary`2[System.String,System.Object];System.Collections.Generic.Dictionary`2[System.String,System.Object];Ansvar;href="http://www.ankeforsikring.dk/layouts/ViewDocument.aspx?Type=1&amp;ID=213927"
Vedrørende forsætlige skader.aspx;System.Collections.Generic.Dictionary`2[System.String,System.Object];System.Collections.Generic.Dictionary`2[System.String,System.Object];Ansvar;href="http://www.ankeforsikring.dk/layouts/ViewDocument.aspx?Type=1&amp;ID=216531"
Vedrørende forsætlige skader.aspx;System.Collections.Generic.Dictionary`2[System.String,System.Object];System.Collections.Generic.Dictionary`2[System.String,System.Object];Ansvar;href="/Skade/hb/ansvarNY/SitePages/Egne%20skadesager%20forvoldt%20af%20børn.aspx"
Vedrørende selvforsikrede skoler EAL § 20.aspx;System.Collections.Generic.Dictionary`2[System.String,System.Object];System.Collections.Generic.Dictionary`2[System.String,System.Object];Ansvar;href="/Skade/hb/ansvarNY/SitePages/Vedrørende%20selvforsikrede%20kommuner.aspx"
Hundeansvar - lån, leje mm.aspx;System.Collections.Generic.Dictionary`2[System.String,System.Object];System.Collections.Generic.Dictionary`2[System.String,System.Object];Ansvar;href="/Skade/hb/ansvarNY/SitePages/varetægt.aspx"
Pasning af andres hunde.aspx;System.Collections.Generic.Dictionary`2[System.String,System.Object];System.Collections.Generic.Dictionary`2[System.String,System.Object];Ansvar;href="/Skade/hb/ansvarNY/SitePages/Vedrørende%20pasning%20af%20hund.aspx"
Pasning af andres hunde.aspx;System.Collections.Generic.Dictionary`2[System.String,System.Object];System.Collections.Generic.Dictionary`2[System.String,System.Object];Ansvar;href="/Skade/hb/ansvarNY/SitePages/Vedrørende%20hundeansvar%20-%20accept%20af%20risiko.aspx"
Henvisning til eget forsikringsselskab.aspx;System.Collections.Generic.Dictionary`2[System.String,System.Object];System.Collections.Generic.Dictionary`2[System.String,System.Object];Ansvar;href="/Skade/hb/ansvarNY/SitePages/Vedrørende%20selvforsikrede%20skoler%20EAL%20§%2020.aspx"
Erstatningsbil.aspx;System.Collections.Generic.Dictionary`2[System.String,System.Object];System.Collections.Generic.Dictionary`2[System.String,System.Object];Ansvar;href="/Skade/hb/ansvarNY/SitePages/afsavnserstatning.aspx"
Skadelidtes pligt i forbindelse med en skade.aspx;System.Collections.Generic.Dictionary`2[System.String,System.Object];System.Collections.Generic.Dictionary`2[System.String,System.Object];Ansvar;href="/Skade/hb/ansvarNY/SitePages/Afskrivning%20i%20skadelidtes%20krav.aspx"
Genstande lånt på skole.aspx;System.Collections.Generic.Dictionary`2[System.String,System.Object];System.Collections.Generic.Dictionary`2[System.String,System.Object];Ansvar;href="http://www.ankeforsikring.dk/layouts/ViewDocument.aspx?Type=1&amp;ID=260818"
Skader forvoldt ved brug af legetøj med motorkraft under 5 hk.aspx;System.Collections.Generic.Dictionary`2[System.String,System.Object];System.Collections.Generic.Dictionary`2[System.String,System.Object];Ansvar;href="/Skade/hb/ansvarNY/Delte%20dokumenter/Dom%20om,%20at%20en%20børneatv%20er%20et%20motordrevet%20køretøj.pdf"
Skader forvoldt ved brug af legetøj med motorkraft under 5 hk.aspx;System.Collections.Generic.Dictionary`2[System.String,System.Object];System.Collections.Generic.Dictionary`2[System.String,System.Object];Ansvar;href="/Skade/hb/ansvarNY/SitePages/Skader%20forvoldt%20med%20droner.aspx"
Færdselsregler på ski.aspx;System.Collections.Generic.Dictionary`2[System.String,System.Object];System.Collections.Generic.Dictionary`2[System.String,System.Object];Ansvar;href="/Skade/hb/ansvarNY/SitePages/Vedrørende%20skiskader.aspx"
Skade opstået under hundeslagsmål.aspx;System.Collections.Generic.Dictionary`2[System.String,System.Object];System.Collections.Generic.Dictionary`2[System.String,System.Object];Ansvar;href="/Skade/hb/ansvarNY/SitePages/Vedrørende%20hundeslagsmål.aspx"
Skade opstået under hundeslagsmål.aspx;System.Collections.Generic.Dictionary`2[System.String,System.Object];System.Collections.Generic.Dictionary`2[System.String,System.Object];Ansvar;href="/Skade/hb/ansvarNY/SitePages/Vedrørende%20skade%20på%20hund%20under%20leg.aspx"
Skade opstået under hundeslagsmål.aspx;System.Collections.Generic.Dictionary`2[System.String,System.Object];System.Collections.Generic.Dictionary`2[System.String,System.Object];Ansvar;href="/Skade/hb/ansvarNY/SitePages/Politirapport.aspx"
Skade opstået under hundeslagsmål.aspx;System.Collections.Generic.Dictionary`2[System.String,System.Object];System.Collections.Generic.Dictionary`2[System.String,System.Object];Ansvar;href="/Skade/hb/ansvarNY/SitePages/Regres%20hundeansvarsforsikring.aspx"
Skade opstået under hundeslagsmål.aspx;System.Collections.Generic.Dictionary`2[System.String,System.Object];System.Collections.Generic.Dictionary`2[System.String,System.Object];Ansvar;href="/Skade/hb/ansvarNY/SitePages/Erstatningens%20størrelse%20for%20dyr.aspx"
Spiritus.aspx;System.Collections.Generic.Dictionary`2[System.String,System.Object];System.Collections.Generic.Dictionary`2[System.String,System.Object];Ansvar;href="/Skade/hb/ansvarNY/SitePages/Manglet%20evnen%20til%20at%20handle%20fornuftsmæssigt.aspx"
Spiritus.aspx;System.Collections.Generic.Dictionary`2[System.String,System.Object];System.Collections.Generic.Dictionary`2[System.String,System.Object];Ansvar;href="/Skade/hb/ansvarNY/SitePages/Vedrørende%20spirituspåvirkning.aspx"
Spiritus.aspx;System.Collections.Generic.Dictionary`2[System.String,System.Object];System.Collections.Generic.Dictionary`2[System.String,System.Object];Ansvar;href="/Skade/hb/ansvarNY/SitePages/Forældres%20hæftelsesansvar.aspx"
Erhvervsansvarsforsikringer - branche 52.aspx;System.Collections.Generic.Dictionary`2[System.String,System.Object];System.Collections.Generic.Dictionary`2[System.String,System.Object];Ansvar;href="/policehaandbog/Sider/Branche52Ansvarsklausuler.aspx"
Husejers ansvar for lejers forsømmelse.aspx;System.Collections.Generic.Dictionary`2[System.String,System.Object];System.Collections.Generic.Dictionary`2[System.String,System.Object];Ansvar;href="/Skade/hb/ansvarNY/SitePages/Vedrørende%20ejer%20af%20enkelt%20bygning%20ikke%20blev%20anset%20som%20værende%20erhvervsdrivende.aspx"
Husejers ansvar for lejers forsømmelse.aspx;System.Collections.Generic.Dictionary`2[System.String,System.Object];System.Collections.Generic.Dictionary`2[System.String,System.Object];Ansvar;href="/Skade/hb/ansvarNY/SitePages/Lov%20om%20Erstatningsansvar%20§%2025.aspx"
Husejers ansvar for lejers forsømmelse.aspx;System.Collections.Generic.Dictionary`2[System.String,System.Object];System.Collections.Generic.Dictionary`2[System.String,System.Object];Ansvar;href="/Skade/hb/ansvarNY/SitePages/Husejeransvar%20på%20erhvervsansvarsforsikringen.aspx"
Golfskader.aspx;System.Collections.Generic.Dictionary`2[System.String,System.Object];System.Collections.Generic.Dictionary`2[System.String,System.Object];Ansvar;href="/Skade/hb/ansvarNY/SitePages/Vedrørende%20sportsskader.aspx"
Skade på arbejdsgivers genstande.aspx;System.Collections.Generic.Dictionary`2[System.String,System.Object];System.Collections.Generic.Dictionary`2[System.String,System.Object];Ansvar;href="/Skade/hb/ansvarNY/SitePages/varetægt.aspx"
Skade på arbejdsgivers genstande.aspx;System.Collections.Generic.Dictionary`2[System.String,System.Object];System.Collections.Generic.Dictionary`2[System.String,System.Object];Ansvar;href="/Skade/hb/ansvarNY/SitePages/Vedrørende%20skade%20på%20genstand%20tilhørende%20arbejdsgiver.aspx"
Gæstebudsskade.aspx;System.Collections.Generic.Dictionary`2[System.String,System.Object];System.Collections.Generic.Dictionary`2[System.String,System.Object];Ansvar;href="/Skade/hb/ansvarNY/SitePages/Vedrørende%20hændelige%20skader.aspx"
Gæstebudsskade.aspx;System.Collections.Generic.Dictionary`2[System.String,System.Object];System.Collections.Generic.Dictionary`2[System.String,System.Object];Ansvar;href="/Skade/hb/ansvarNY/SitePages/Vedrørende%20snubleskader.aspx"
Gæstebudsskade.aspx;System.Collections.Generic.Dictionary`2[System.String,System.Object];System.Collections.Generic.Dictionary`2[System.String,System.Object];Ansvar;href="/Skade/hb/ansvarNY/SitePages/Vedrørende%20skade%20sket,%20når%20skadelidte%20ikke%20er%20hjemme.aspx"
Gæstebudsskade.aspx;System.Collections.Generic.Dictionary`2[System.String,System.Object];System.Collections.Generic.Dictionary`2[System.String,System.Object];Ansvar;href="/Skade/hb/ansvarNY/SitePages/Gæstebud%20i%20forhold%20til%20mindre%20børn.aspx"
Vedrørende hundeslagsmål.aspx;System.Collections.Generic.Dictionary`2[System.String,System.Object];System.Collections.Generic.Dictionary`2[System.String,System.Object];Ansvar;href="/Skade/hb/ansvarNY/Delte%20dokumenter/Hundedom.pdf"
Vedrørende hundeslagsmål.aspx;System.Collections.Generic.Dictionary`2[System.String,System.Object];System.Collections.Generic.Dictionary`2[System.String,System.Object];Ansvar;href="http://www.ankeforsikring.dk/layouts/ViewDocument.aspx?Type=1&amp;ID=230031"
Vedrørende lånte og lejede cykler.aspx;System.Collections.Generic.Dictionary`2[System.String,System.Object];System.Collections.Generic.Dictionary`2[System.String,System.Object];Ansvar;href="http://www.ankeforsikring.dk/layouts/ViewDocument.aspx?Type=1&amp;ID=233353"
Vedrørende skade sket, når skadelidte ikke er hjemme.aspx;System.Collections.Generic.Dictionary`2[System.String,System.Object];System.Collections.Generic.Dictionary`2[System.String,System.Object];Ansvar;href="/Skade/hb/ansvarNY/SitePages/varetægt.aspx"
Vedrørende skade sket, når skadelidte ikke er hjemme.aspx;System.Collections.Generic.Dictionary`2[System.String,System.Object];System.Collections.Generic.Dictionary`2[System.String,System.Object];Ansvar;href="/Skade/hb/ansvarNY/SitePages/Tjenesteydelse.aspx"
Vedrørende skade sket, når skadelidte ikke er hjemme.aspx;System.Collections.Generic.Dictionary`2[System.String,System.Object];System.Collections.Generic.Dictionary`2[System.String,System.Object];Ansvar;href="/Skade/hb/ansvarNY/SitePages/Ansvar%20under%20arbejde%20for%20andre.aspx"
Erstatning til skoler og kommuner.aspx;System.Collections.Generic.Dictionary`2[System.String,System.Object];System.Collections.Generic.Dictionary`2[System.String,System.Object];Ansvar;href="/Skade/hb/ansvarNY/SitePages/Vedrørende%20kommuner%20og%20skolers%20momsbeløb.aspx"
Vedrørende tjenesteydelse.aspx;System.Collections.Generic.Dictionary`2[System.String,System.Object];System.Collections.Generic.Dictionary`2[System.String,System.Object];Ansvar;href="http://www.ankeforsikring.dk/layouts/ViewDocument.aspx?Type=1&amp;ID=257383"
Vedrørende tjenesteydelse.aspx;System.Collections.Generic.Dictionary`2[System.String,System.Object];System.Collections.Generic.Dictionary`2[System.String,System.Object];Ansvar;href="http://www.ankeforsikring.dk/layouts/ViewDocument.aspx?Type=1&amp;ID=257003"
Vedrørende tjenesteydelse.aspx;System.Collections.Generic.Dictionary`2[System.String,System.Object];System.Collections.Generic.Dictionary`2[System.String,System.Object];Ansvar;href="http://www.ankeforsikring.dk/layouts/ViewDocument.aspx?Type=1&amp;ID=214087"
Vedrørende tjenesteydelse.aspx;System.Collections.Generic.Dictionary`2[System.String,System.Object];System.Collections.Generic.Dictionary`2[System.String,System.Object];Ansvar;href="http://www.ankeforsikring.dk/layouts/ViewDocument.aspx?Type=1&amp;ID=224636"
Vedrørende tjenesteydelse.aspx;System.Collections.Generic.Dictionary`2[System.String,System.Object];System.Collections.Generic.Dictionary`2[System.String,System.Object];Ansvar;href="http://www.ankeforsikring.dk/layouts/ViewDocument.aspx?Type=1&amp;ID=223752"
Vedrørende tjenesteydelse.aspx;System.Collections.Generic.Dictionary`2[System.String,System.Object];System.Collections.Generic.Dictionary`2[System.String,System.Object];Ansvar;href="http://www.ankeforsikring.dk/layouts/ViewDocument.aspx?Type=1&amp;ID=234887"
Vedrørende tjenesteydelse.aspx;System.Collections.Generic.Dictionary`2[System.String,System.Object];System.Collections.Generic.Dictionary`2[System.String,System.Object];Ansvar;href="http://www.ankeforsikring.dk/layouts/ViewDocument.aspx?Type=1&amp;ID=237861"
Vedrørende skade på genstand tilhørende arbejdsgiver.aspx;System.Collections.Generic.Dictionary`2[System.String,System.Object];System.Collections.Generic.Dictionary`2[System.String,System.Object];Ansvar;href="http://www.ankeforsikring.dk/layouts/ViewDocument.aspx?Type=1&amp;ID=233973"
Vedrørende varetægt.aspx;System.Collections.Generic.Dictionary`2[System.String,System.Object];System.Collections.Generic.Dictionary`2[System.String,System.Object];Ansvar;href="http://www.ankeforsikring.dk/layouts/ViewDocument.aspx?Type=1&amp;ID=257103"
Vedrørende varetægt.aspx;System.Collections.Generic.Dictionary`2[System.String,System.Object];System.Collections.Generic.Dictionary`2[System.String,System.Object];Ansvar;href="http://www.ankeforsikring.dk/layouts/ViewDocument.aspx?Type=1&amp;ID=216665"
Vedrørende varetægt.aspx;System.Collections.Generic.Dictionary`2[System.String,System.Object];System.Collections.Generic.Dictionary`2[System.String,System.Object];Ansvar;href="http://www.ankeforsikring.dk/layouts/ViewDocument.aspx?Type=1&amp;ID=223217"
Vedrørende varetægt.aspx;System.Collections.Generic.Dictionary`2[System.String,System.Object];System.Collections.Generic.Dictionary`2[System.String,System.Object];Ansvar;href="http://www.ankeforsikring.dk/layouts/ViewDocument.aspx?Type=1&amp;ID=222866"
Vedrørende varetægt.aspx;System.Collections.Generic.Dictionary`2[System.String,System.Object];System.Collections.Generic.Dictionary`2[System.String,System.Object];Ansvar;href="http://www.ankeforsikring.dk/layouts/ViewDocument.aspx?Type=1&amp;ID=231370"
Vedrørende varetægt.aspx;System.Collections.Generic.Dictionary`2[System.String,System.Object];System.Collections.Generic.Dictionary`2[System.String,System.Object];Ansvar;href="http://www.ankeforsikring.dk/layouts/ViewDocument.aspx?Type=1&amp;ID=231151"
Vedrørende varetægt.aspx;System.Collections.Generic.Dictionary`2[System.String,System.Object];System.Collections.Generic.Dictionary`2[System.String,System.Object];Ansvar;href="http://www.ankeforsikring.dk/layouts/ViewDocument.aspx?Type=1&amp;ID=233778"
Vedrørende varetægt.aspx;System.Collections.Generic.Dictionary`2[System.String,System.Object];System.Collections.Generic.Dictionary`2[System.String,System.Object];Ansvar;href="http://www.ankeforsikring.dk/layouts/ViewDocument.aspx?Type=1&amp;ID=236844"
Vedrørende varetægt.aspx;System.Collections.Generic.Dictionary`2[System.String,System.Object];System.Collections.Generic.Dictionary`2[System.String,System.Object];Ansvar;href="http://www.ankeforsikring.dk/layouts/ViewDocument.aspx?Type=1&amp;ID=242800"
Vedrørende varetægt.aspx;System.Collections.Generic.Dictionary`2[System.String,System.Object];System.Collections.Generic.Dictionary`2[System.String,System.Object];Ansvar;href="http://www.ankeforsikring.dk/layouts/ViewDocument.aspx?Type=1&amp;ID=259831"
Vedrørende varetægt.aspx;System.Collections.Generic.Dictionary`2[System.String,System.Object];System.Collections.Generic.Dictionary`2[System.String,System.Object];Ansvar;href="http://www.ankeforsikring.dk/layouts/ViewDocument.aspx?Type=1&amp;ID=217715"
Vedrørende varetægt.aspx;System.Collections.Generic.Dictionary`2[System.String,System.Object];System.Collections.Generic.Dictionary`2[System.String,System.Object];Ansvar;href="http://www.ankeforsikring.dk/layouts/ViewDocument.aspx?Type=1&amp;ID=221928"
Vedrørende varetægt.aspx;System.Collections.Generic.Dictionary`2[System.String,System.Object];System.Collections.Generic.Dictionary`2[System.String,System.Object];Ansvar;href="http://www.ankeforsikring.dk/layouts/ViewDocument.aspx?Type=1&amp;ID=221449"
Vedrørende varetægt.aspx;System.Collections.Generic.Dictionary`2[System.String,System.Object];System.Collections.Generic.Dictionary`2[System.String,System.Object];Ansvar;href="http://www.ankeforsikring.dk/layouts/ViewDocument.aspx?Type=1&amp;ID=224285"
Vedrørende varetægt.aspx;System.Collections.Generic.Dictionary`2[System.String,System.Object];System.Collections.Generic.Dictionary`2[System.String,System.Object];Ansvar;href="http://www.ankeforsikring.dk/layouts/ViewDocument.aspx?Type=1&amp;ID=230871"
Vedrørende varetægt.aspx;System.Collections.Generic.Dictionary`2[System.String,System.Object];System.Collections.Generic.Dictionary`2[System.String,System.Object];Ansvar;href="http://www.ankeforsikring.dk/layouts/ViewDocument.aspx?Type=1&amp;ID=230654"
Vedrørende varetægt.aspx;System.Collections.Generic.Dictionary`2[System.String,System.Object];System.Collections.Generic.Dictionary`2[System.String,System.Object];Ansvar;href="http://www.ankeforsikring.dk/layouts/ViewDocument.aspx?Type=1&amp;ID=238115"
Vedrørende varetægt.aspx;System.Collections.Generic.Dictionary`2[System.String,System.Object];System.Collections.Generic.Dictionary`2[System.String,System.Object];Ansvar;href="http://www.ankeforsikring.dk/layouts/ViewDocument.aspx?Type=1&amp;ID=237764"
Vedrørende varetægt.aspx;System.Collections.Generic.Dictionary`2[System.String,System.Object];System.Collections.Generic.Dictionary`2[System.String,System.Object];Ansvar;href="http://www.ankeforsikring.dk/layouts/ViewDocument.aspx?Type=1&amp;ID=237710"
Vedrørende varetægt.aspx;System.Collections.Generic.Dictionary`2[System.String,System.Object];System.Collections.Generic.Dictionary`2[System.String,System.Object];Ansvar;href="http://www.ankeforsikring.dk/layouts/ViewDocument.aspx?Type=1&amp;ID=237677"
Vedrørende varetægt.aspx;System.Collections.Generic.Dictionary`2[System.String,System.Object];System.Collections.Generic.Dictionary`2[System.String,System.Object];Ansvar;href="/Skade/hb/ansvarNY/SitePages/Vedrørende%20varer%20på%20prøve.aspx"
Vedrørende varetægt.aspx;System.Collections.Generic.Dictionary`2[System.String,System.Object];System.Collections.Generic.Dictionary`2[System.String,System.Object];Ansvar;href="/Skade/hb/ansvarNY/SitePages/Ankenævnskendelser%20vedrørende%20skade%20forvoldt%20på%20og%20med%20motorkøretøjer.aspx"
Vedrørende varer på prøve.aspx;System.Collections.Generic.Dictionary`2[System.String,System.Object];System.Collections.Generic.Dictionary`2[System.String,System.Object];Ansvar;href="http://www.ankeforsikring.dk/layouts/ViewDocument.aspx?Type=1&amp;ID=237693"
Vedrørende varer på prøve.aspx;System.Collections.Generic.Dictionary`2[System.String,System.Object];System.Collections.Generic.Dictionary`2[System.String,System.Object];Ansvar;href="http://www.ankeforsikring.dk/layouts/ViewDocument.aspx?Type=1&amp;ID=236691"
Vedrørende varer på prøve.aspx;System.Collections.Generic.Dictionary`2[System.String,System.Object];System.Collections.Generic.Dictionary`2[System.String,System.Object];Ansvar;href="http://www.ankeforsikring.dk/layouts/ViewDocument.aspx?Type=1&amp;ID=236568"
Vedrørende uønsket parring.aspx;System.Collections.Generic.Dictionary`2[System.String,System.Object];System.Collections.Generic.Dictionary`2[System.String,System.Object];Ansvar;href="http://www.ankeforsikring.dk/layouts/ViewDocument.aspx?Type=1&amp;ID=244593"
Vedrørende selvforsikrede kommuner.aspx;System.Collections.Generic.Dictionary`2[System.String,System.Object];System.Collections.Generic.Dictionary`2[System.String,System.Object];Ansvar;href="/Skade/hb/ansvarNY/SitePages/Erstatning%20til%20skoler%20og%20kommuner.aspx"
Motorkøretøj - børns ansvar - varetægt.aspx;System.Collections.Generic.Dictionary`2[System.String,System.Object];System.Collections.Generic.Dictionary`2[System.String,System.Object];Ansvar;href="/Skade/hb/ansvarNY/SitePages/Forældres%20hæftelsesansvar.aspx"
Motorkøretøj - børns ansvar - varetægt.aspx;System.Collections.Generic.Dictionary`2[System.String,System.Object];System.Collections.Generic.Dictionary`2[System.String,System.Object];Ansvar;href="/Skade/hb/ansvarNY/SitePages/Ankenævnskendelser%20vedrørende%20skade%20forvoldt%20på%20og%20med%20motorkøretøjer.aspx"
Varer i udvalg - køb på prøve.aspx;System.Collections.Generic.Dictionary`2[System.String,System.Object];System.Collections.Generic.Dictionary`2[System.String,System.Object];Ansvar;href="/Skade/hb/ansvarNY/SitePages/Vedrørende%20varer%20på%20prøve.aspx"
Vedrørende skadelidte bærer selvrisikobeløbet.aspx;System.Collections.Generic.Dictionary`2[System.String,System.Object];System.Collections.Generic.Dictionary`2[System.String,System.Object];Ansvar;href="http://www.ankeforsikring.dk/layouts/ViewDocument.aspx?Type=1&amp;ID=222021"
Vedrørende skadelidte bærer selvrisikobeløbet.aspx;System.Collections.Generic.Dictionary`2[System.String,System.Object];System.Collections.Generic.Dictionary`2[System.String,System.Object];Ansvar;href="http://www.ankeforsikring.dk/layouts/ViewDocument.aspx?Type=1&amp;ID=225056"
Skoleskader.aspx;System.Collections.Generic.Dictionary`2[System.String,System.Object];System.Collections.Generic.Dictionary`2[System.String,System.Object];Ansvar;href="/Skade/hb/ansvarNY/SitePages/Lov%20om%20Erstatningsansvar%20§%2025.aspx"
Skoleskader.aspx;System.Collections.Generic.Dictionary`2[System.String,System.Object];System.Collections.Generic.Dictionary`2[System.String,System.Object];Ansvar;href="/Skade/hb/ansvarNY/SitePages/Henvisning%20til%20eget%20forsikringsselskab.aspx"
AnsvarDobbeltforsikring.aspx;System.Collections.Generic.Dictionary`2[System.String,System.Object];System.Collections.Generic.Dictionary`2[System.String,System.Object];Ansvar;href="http://www.forsikringogpension.dk/medlemmer/branchesamarbejde/skadeforsikringsaftalerne/Documents/Dobbeltforsikringsaftalen.pdf"
AnsvarDobbeltforsikring.aspx;System.Collections.Generic.Dictionary`2[System.String,System.Object];System.Collections.Generic.Dictionary`2[System.String,System.Object];Ansvar;href="http://admin.forsikringogpension.dk/medlemmer/branchesamarbejde/skadeforsikringsaftalerne/Documents/Oversigt-over-selskaber.pdf"
Vedrørende sportsskader.aspx;System.Collections.Generic.Dictionary`2[System.String,System.Object];System.Collections.Generic.Dictionary`2[System.String,System.Object];Ansvar;href="http://www.ankeforsikring.dk/layouts/ViewDocument.aspx?Type=1&amp;ID=248841"
Vedrørende skiskader.aspx;System.Collections.Generic.Dictionary`2[System.String,System.Object];System.Collections.Generic.Dictionary`2[System.String,System.Object];Ansvar;href="http://www.ankeforsikring.dk/layouts/ViewDocument.aspx?Type=1&amp;ID=223895"
Vedrørende hændelige skader.aspx;System.Collections.Generic.Dictionary`2[System.String,System.Object];System.Collections.Generic.Dictionary`2[System.String,System.Object];Ansvar;href="http://www.ankeforsikring.dk/layouts/ViewDocument.aspx?Type=1&amp;ID=260417"
Vedrørende hændelige skader.aspx;System.Collections.Generic.Dictionary`2[System.String,System.Object];System.Collections.Generic.Dictionary`2[System.String,System.Object];Ansvar;href="http://www.ankeforsikring.dk/layouts/ViewDocument.aspx?Type=1&amp;ID=257435"
Vedrørende hændelige skader.aspx;System.Collections.Generic.Dictionary`2[System.String,System.Object];System.Collections.Generic.Dictionary`2[System.String,System.Object];Ansvar;href="http://www.ankeforsikring.dk/layouts/ViewDocument.aspx?Type=1&amp;ID=257483"
Vedrørende hændelige skader.aspx;System.Collections.Generic.Dictionary`2[System.String,System.Object];System.Collections.Generic.Dictionary`2[System.String,System.Object];Ansvar;href="http://www.ankeforsikring.dk/layouts/ViewDocument.aspx?Type=1&amp;ID=257557"
Vedrørende hændelige skader.aspx;System.Collections.Generic.Dictionary`2[System.String,System.Object];System.Collections.Generic.Dictionary`2[System.String,System.Object];Ansvar;href="http://www.ankeforsikring.dk/layouts/ViewDocument.aspx?Type=1&amp;ID=256947"
Vedrørende hændelige skader.aspx;System.Collections.Generic.Dictionary`2[System.String,System.Object];System.Collections.Generic.Dictionary`2[System.String,System.Object];Ansvar;href="http://www.ankeforsikring.dk/layouts/ViewDocument.aspx?Type=1&amp;ID=245657"
Vedrørende hændelige skader.aspx;System.Collections.Generic.Dictionary`2[System.String,System.Object];System.Collections.Generic.Dictionary`2[System.String,System.Object];Ansvar;href="http://www.ankeforsikring.dk/layouts/ViewDocument.aspx?Type=1&amp;ID=244477"
Vedrørende hændelige skader.aspx;System.Collections.Generic.Dictionary`2[System.String,System.Object];System.Collections.Generic.Dictionary`2[System.String,System.Object];Ansvar;href="http://www.ankeforsikring.dk/layouts/ViewDocument.aspx?Type=1&amp;ID=244420"
Vedrørende hændelige skader.aspx;System.Collections.Generic.Dictionary`2[System.String,System.Object];System.Collections.Generic.Dictionary`2[System.String,System.Object];Ansvar;href="http://www.ankeforsikring.dk/layouts/ViewDocument.aspx?Type=1&amp;ID=215548"
Vedrørende hændelige skader.aspx;System.Collections.Generic.Dictionary`2[System.String,System.Object];System.Collections.Generic.Dictionary`2[System.String,System.Object];Ansvar;href="http://www.ankeforsikring.dk/layouts/ViewDocument.aspx?Type=1&amp;ID=226444"
Vedrørende hændelige skader.aspx;System.Collections.Generic.Dictionary`2[System.String,System.Object];System.Collections.Generic.Dictionary`2[System.String,System.Object];Ansvar;href="http://www.ankeforsikring.dk/layouts/ViewDocument.aspx?Type=1&amp;ID=228888"
Vedrørende hændelige skader.aspx;System.Collections.Generic.Dictionary`2[System.String,System.Object];System.Collections.Generic.Dictionary`2[System.String,System.Object];Ansvar;href="http://www.ankeforsikring.dk/layouts/ViewDocument.aspx?Type=1&amp;ID=232897"
Vedrørende hændelige skader.aspx;System.Collections.Generic.Dictionary`2[System.String,System.Object];System.Collections.Generic.Dictionary`2[System.String,System.Object];Ansvar;href="/Skade/hb/ansvarNY/SitePages/Egne%20skadesager%20anerkendt%20som%20gæstebudsskade.aspx"
Vedrørende skade på hund under leg.aspx;System.Collections.Generic.Dictionary`2[System.String,System.Object];System.Collections.Generic.Dictionary`2[System.String,System.Object];Ansvar;href="http://www.ankeforsikring.dk/layouts/ViewDocument.aspx?Type=1&amp;ID=247324"
Vedrørende skade på hund under leg.aspx;System.Collections.Generic.Dictionary`2[System.String,System.Object];System.Collections.Generic.Dictionary`2[System.String,System.Object];Ansvar;href="http://www.ankeforsikring.dk/layouts/ViewDocument.aspx?Type=1&amp;ID=225088"
Ankenævnskendelser vedrørende skade forvoldt på og med motorkøretøjer.aspx;System.Collections.Generic.Dictionary`2[System.String,System.Object];Undergruppe;Ansvar;href="http://www.ankeforsikring.dk/layouts/ViewDocument.aspx?Type=1&amp;ID=259784"
Ankenævnskendelser vedrørende skade forvoldt på og med motorkøretøjer.aspx;System.Collections.Generic.Dictionary`2[System.String,System.Object];Undergruppe;Ansvar;href="/Skade/hb/ansvarNY/SitePages/Vedrørende%20varetægt.aspx"
Reserveafsættelse i skadesager som forventes at komme til at koste over 1 mio.aspx;System.Collections.Generic.Dictionary`2[System.String,System.Object];Undergruppe;Ansvar;href="/Skade/hb/ansvarNY/SitePages/Reserveafsættelse.aspx"
Skader forvoldt med droner.aspx;System.Collections.Generic.Dictionary`2[System.String,System.Object];Undergruppe;Ansvar;href="http://www.dr.dk/Nyheder/Indland/2014/11/02/153815.htm"
AnsvarInformationssøgning.aspx;System.Collections.Generic.Dictionary`2[System.String,System.Object];Undergruppe;Ansvar;href="http://www.ankeforsikring.dk/"
AnsvarInformationssøgning.aspx;System.Collections.Generic.Dictionary`2[System.String,System.Object];Undergruppe;Ansvar;href="http://www.fed.dk/"
AnsvarInformationssøgning.aspx;System.Collections.Generic.Dictionary`2[System.String,System.Object];Undergruppe;Ansvar;href="http://www.retsinfo.dk/"
AnsvarInformationssøgning.aspx;System.Collections.Generic.Dictionary`2[System.String,System.Object];Undergruppe;Ansvar;href="http://www.ankeforsikring.dk/"
AnsvarInformationssøgning.aspx;System.Collections.Generic.Dictionary`2[System.String,System.Object];Undergruppe;Ansvar;href="http://www.forsikringogpension.dk/"
Hvem behandler skader på lånte og lejede genstande.aspx;System.Collections.Generic.Dictionary`2[System.String,System.Object];Undergruppe;Ansvar;href="/Skade/hb/ansvarNY/SitePages/Lån%20og%20leje.aspx"
Behandling af skiskader.aspx;System.Collections.Generic.Dictionary`2[System.String,System.Object];Undergruppe;Ansvar;href="/Skade/hb/ansvarNY/SitePages/Færdselsregler%20på%20ski.aspx"
Behandling af skiskader.aspx;System.Collections.Generic.Dictionary`2[System.String,System.Object];Undergruppe;Ansvar;href="/Skade/hb/bil/SitePages/LB%27s%20Grønt%20kort%20partnere.aspx"
AnsvarSelvrisiko.aspx;System.Collections.Generic.Dictionary`2[System.String,System.Object];Undergruppe;Ansvar;href="/Skade/hb/byg/SitePages/Hvordan%20foretager%20vi%20afskrivning.aspx"
Rådgivningsansvar.aspx;System.Collections.Generic.Dictionary`2[System.String,System.Object];Undergruppe;Ansvar;href="http://www.grosen-svith.dk/"
Rådgivningsansvar.aspx;System.Collections.Generic.Dictionary`2[System.String,System.Object];Undergruppe;Ansvar;href="/Skade/tool/KlaInd/Lists/Retssager%20i%20LBkoncernen/Aktive%20sager.aspx?View=%7b550B4E55-41A9-4E0A-BB9B-0DB3BAC7E4DC%7d&amp;FilterField1=Branche&amp;FilterValue1=R%C3%A5dgiveransvar&amp;InitialTabId=Ribbon.List&amp;VisibilityContext=WSSTabPersistence"
Hvilke selskaber er tiltrådt skadesforsikringsaftalerne.aspx;System.Collections.Generic.Dictionary`2[System.String,System.Object];Undergruppe;Ansvar;href="http://www.forsikringogpension.dk/medlemmer/branchesamarbejde/skadeforsikringsaftalerne/Sider/skadesforsikringsaftalerne.aspx"
Ansvar for eldrevne løbehjul og eldrevne skateboard.aspx;System.Collections.Generic.Dictionary`2[System.String,System.Object];Undergruppe;Ansvar;href="/Skade/hb/ansvarNY/SitePages/Eldrevet%20cykel.aspx"
Eldrevet cykel.aspx;System.Collections.Generic.Dictionary`2[System.String,System.Object];Undergruppe;Ansvar;href="/Skade/hb/ansvarNY/SitePages/Ansvar%20for%20eldrevne%20løbehjul%20og%20eldrevne%20skateboard.aspx"
AnsvarForældelse.aspx;System.Collections.Generic.Dictionary`2[System.String,System.Object];Undergruppe;Ansvar;href="http://ankeforsikring.dk/adm-ankenaevnet/Sider/viewdoc.aspx?CN=88231"
AnsvarForældelse.aspx;System.Collections.Generic.Dictionary`2[System.String,System.Object];Undergruppe;Ansvar;href="http://ankeforsikring.dk/adm-ankenaevnet/Sider/viewdoc.aspx?CN=88345"
AnsvarForældelse.aspx;System.Collections.Generic.Dictionary`2[System.String,System.Object];Undergruppe;Ansvar;href="http://ankeforsikring.dk/adm-ankenaevnet/Sider/viewdoc.aspx?CN=85869"
AnsvarForældelse.aspx;System.Collections.Generic.Dictionary`2[System.String,System.Object];Undergruppe;Ansvar;href="/Skade/hb/ansvarNY/SitePages/Forældelse.aspx"
AnsvarForældelse.aspx;System.Collections.Generic.Dictionary`2[System.String,System.Object];Undergruppe;Ansvar;href="/Skade/hb/regres/skadetyper/Sider/Skade-forvoldt-af-håndværkere.aspx"
AnsvarForældelse.aspx;System.Collections.Generic.Dictionary`2[System.String,System.Object];Undergruppe;Ansvar;href="/Skade/hb/byg/SitePages/Forældelsesreglerne%20vist%20i%20forskellige%20eksempler.aspx"
AnsvarForældelse.aspx;System.Collections.Generic.Dictionary`2[System.String,System.Object];Undergruppe;Ansvar;href="/Skade/hb/byg/Delte%20dokumenter/Dom%20om%20forældelse.pdf"
Andre landes retspraksis og anden praksis.aspx;System.Collections.Generic.Dictionary`2[System.String,System.Object];Undergruppe;Ansvar;href="/Skade/hb/ansvarNY/Delte%20dokumenter/Den%20franske%20lov%20af%205.7.1985%20om%20trafikskade-erstatning.pdf.aspx"
Andre landes retspraksis og anden praksis.aspx;System.Collections.Generic.Dictionary`2[System.String,System.Object];Undergruppe;Ansvar;href="/Skade/hb/bil/SiteAssets/SitePages/Retspraksis%20og%20anden%20praksis/2014%20SPANISH%20OFFICIAL%20INJURY%20SCALE.pdf"
Hund er årsag til bilulykke.aspx;System.Collections.Generic.Dictionary`2[System.String,System.Object];Undergruppe;Ansvar;href="/Skade/hb/ansvarNY/SitePages/Kapitel%202-aftalen.aspx"
Slagsmål mellem hund og kat.aspx;System.Collections.Generic.Dictionary`2[System.String,System.Object];Undergruppe;Ansvar;href="/Skade/hb/ansvarNY/SitePages/Erstatningens%20størrelse%20for%20dyr.aspx"
Husejeransvar.aspx;System.Collections.Generic.Dictionary`2[System.String,System.Object];Undergruppe;Ansvar;href="/Skade/hb/ansvarNY/SitePages/Danske%20Lov%203-19-2.aspx"
Husejeransvar.aspx;System.Collections.Generic.Dictionary`2[System.String,System.Object];Undergruppe;Ansvar;href="/Skade/hb/ansvarNY/SitePages/Glideskader.aspx"
Husejeransvar.aspx;System.Collections.Generic.Dictionary`2[System.String,System.Object];Undergruppe;Ansvar;href="/Skade/hb/ansvarNY/SitePages/Trampolinskader.aspx"
Husejeransvar.aspx;System.Collections.Generic.Dictionary`2[System.String,System.Object];Undergruppe;Ansvar;href="/Skade/hb/ansvarNY/SitePages/Ubebygget%20grund.aspx"
Husejeransvar.aspx;System.Collections.Generic.Dictionary`2[System.String,System.Object];Undergruppe;Ansvar;href="/Skade/hb/ansvarNY/SitePages/Referater%20fra%20ansvarsmøder.aspx"
Husejeransvar.aspx;System.Collections.Generic.Dictionary`2[System.String,System.Object];Undergruppe;Ansvar;href="/Skade/hb/ansvarNY/SitePages/Vedrørende%20skade%20forvoldt%20i%20lejede%20bygninger.aspx"
Husejeransvar.aspx;System.Collections.Generic.Dictionary`2[System.String,System.Object];Undergruppe;Ansvar;href="/Skade/hb/ansvarNY/SitePages/Vedrørende%20skade%20i%20ejerlejlighed.aspx"
AnsvarTidligere forsikringsvilkår.aspx;System.Collections.Generic.Dictionary`2[System.String,System.Object];Undergruppe;Ansvar;href="/Sider/vilkaar.aspx"
Vedrørende skade i ejerlejlighed.aspx;System.Collections.Generic.Dictionary`2[System.String,System.Object];Undergruppe;Ansvar;href="http://www.ankeforsikring.dk/layouts/ViewDocument.aspx?Type=1&amp;ID=259757"
AnsvarReserveafsættelse.aspx;System.Collections.Generic.Dictionary`2[System.String,System.Object];Undergruppe;Ansvar;href="/Skade/hb/ansvarNY/SitePages/Reserveafsættelse%20i%20skadesager%20som%20forventes%20at%20komme%20til%20at%20koste%20over%201%20mio.aspx"
AnsvarReserveafsættelse.aspx;System.Collections.Generic.Dictionary`2[System.String,System.Object];Undergruppe;Ansvar;href="/Skade/hb/ansvarNY/SitePages/Reserveafsættelse%20i%20skadesager%20som%20forventes%20at%20komme%20til%20at%20koste%20over%201%20mio.aspx"
