Filnavn;Branche;Content;Nyt hyperlink
Vintervedligeholdelse af Offentlige veje.aspx;Ansvar;"href=""#_ftn1""";
Vintervedligeholdelse af Offentlige veje.aspx;Ansvar;"href=""#_ftn1""";
Vintervedligeholdelse af Private fællesveje.aspx;Ansvar;"href=""#_ftn1""";
Vintervedligeholdelse af Offentlige veje.aspx;Ansvar;"href=""#_ftn2""";
Vintervedligeholdelse af Offentlige veje.aspx;Ansvar;"href=""#_ftn2""";
Vintervedligeholdelse af Private fællesveje.aspx;Ansvar;"href=""#_ftn2""";
Vintervedligeholdelse af Private fællesveje.aspx;Ansvar;"href=""#_ftn3""";
Vintervedligeholdelse af Offentlige veje.aspx;Ansvar;"href=""#_ftnref1""";
Vintervedligeholdelse af Offentlige veje.aspx;Ansvar;"href=""#_ftnref1""";
Vintervedligeholdelse af Offentlige veje.aspx;Ansvar;"href=""#_ftnref2""";
Danske Lov 3-19-2.aspx;Ansvar;"href=""/policehaandbog/bg3/Sider/bg3-Lærer-praktikansvar.aspx""";
Erhvervsansvarsforsikringer - branche 52.aspx;Ansvar;"href=""/policehaandbog/Sider/Branche52Ansvarsklausuler.aspx""";
AnsvarTidligere forsikringsvilkår.aspx;Ansvar;"href=""/Sider/vilkaar.aspx""";
Småskader.aspx;Ansvar;"href=""/Skade/hb/ansvarNY/Delte%20dokumenter/Brev%20til%20medlem.rtf""";
Småskader.aspx;Ansvar;"href=""/Skade/hb/ansvarNY/Delte%20dokumenter/Brev%20til%20skl.rtf""";
Vedrørende glideskader.aspx;Ansvar;"href=""/Skade/hb/ansvarNY/Delte%20dokumenter/Byretsdommen.pdf""";
Vedrørende reduktion i erstatningens størrelse, hvis skadelidte ved grov uagtsomhed har medvirket til skaden.aspx;Ansvar;"href=""/Skade/hb/ansvarNY/Delte%20dokumenter/Byretsdommen.pdf""";
Andre landes retspraksis og anden praksis.aspx;Ansvar;"href=""/Skade/hb/ansvarNY/Delte%20dokumenter/Den%20franske%20lov%20af%205.7.1985%20om%20trafikskade-erstatning.pdf.aspx""";
Skader forvoldt ved brug af legetøj med motorkraft under 5 hk.aspx;Ansvar;"href=""/Skade/hb/ansvarNY/Delte%20dokumenter/Dom%20om,%20at%20en%20børneatv%20er%20et%20motordrevet%20køretøj.pdf""";
Vedrørende glideskader.aspx;Ansvar;"href=""/Skade/hb/ansvarNY/Delte%20dokumenter/glideskade%20på%20tankstation.pdf""";
Vedrørende Hundeansvar - personskader - egen medvirken.aspx;Ansvar;"href=""/Skade/hb/ansvarNY/Delte%20dokumenter/hundedom.pdf""";
Vedrørende hundeslagsmål.aspx;Ansvar;"href=""/Skade/hb/ansvarNY/Delte%20dokumenter/Hundedom.pdf""";
Vedrørende reduktion i erstatningens størrelse, hvis skadelidte ved grov uagtsomhed har medvirket til skaden.aspx;Ansvar;"href=""/Skade/hb/ansvarNY/Delte%20dokumenter/Højesteretsdommen.pdf""";
Vedrørende reduktion i erstatningens størrelse, hvis skadelidte ved grov uagtsomhed har medvirket til skaden.aspx;Ansvar;"href=""/Skade/hb/ansvarNY/Delte%20dokumenter/Referat%20af%20Højesteretsdom.pdf""";
Vedrørende glideskader.aspx;Ansvar;"href=""/Skade/hb/ansvarNY/Delte%20dokumenter/Referat%20af%20Østre%20Landsretsdommen.pdf""";
Vedrørende glideskader.aspx;Ansvar;"href=""/Skade/hb/ansvarNY/Delte%20dokumenter/Selve%20Østre%20Landsretsdommen.pdf""";
Lån og leje.aspx;Ansvar;"href=""/Skade/hb/ansvarNY/Delte%20dokumenter/Skema%20lånt-lejet%20rejsegods.docx""";
Vedrørende skadelidte stævnede forsikringsselskabet.aspx;Ansvar;"href=""/Skade/hb/ansvarNY/Delte%20dokumenter/Udskrift%20af%20dombogen%20fra%20Byretsdommen.pdf""";
Vedrørende skadelidte stævnede forsikringsselskabet.aspx;Ansvar;"href=""/Skade/hb/ansvarNY/Delte%20dokumenter/Udskrift%20af%20Højesteretsdommen.pdf""";
Vedrørende skadelidte stævnede forsikringsselskabet.aspx;Ansvar;"href=""/Skade/hb/ansvarNY/Delte%20dokumenter/Udskrift%20af%20retsbogen%20fra%20Landsretsdommen.pdf""";
Tjenesteydelse.aspx;Ansvar;"href=""/Skade/hb/ansvarNY/Delte%20dokumenter/Vennetjenester%20og%20forsikring%20-%20Pjece%20fra%20Forsikring%20og%20pension.pdf""";
Hund gør andre dyr bange.aspx;Ansvar;"href=""/Skade/hb/ansvarNY/Delte%20dokumenter/Vestre%20Landsrets%20dom%20vedrørende%20hund.pdf""";
Vedrørende reduktion i erstatningens størrelse, hvis skadelidte ved grov uagtsomhed har medvirket til skaden.aspx;Ansvar;"href=""/Skade/hb/ansvarNY/Delte%20dokumenter/Østre%20Landsretsdom.pdf""";
Erstatningsbil.aspx;Ansvar;"href=""/Skade/hb/ansvarNY/SitePages/afsavnserstatning.aspx""";
Skadelidtes pligt i forbindelse med en skade.aspx;Ansvar;"href=""/Skade/hb/ansvarNY/SitePages/Afskrivning%20i%20skadelidtes%20krav.aspx""";
Motorkøretøj - børns ansvar - varetægt.aspx;Ansvar;"href=""/Skade/hb/ansvarNY/SitePages/Ankenævnskendelser%20vedrørende%20skade%20forvoldt%20på%20og%20med%20motorkøretøjer.aspx""";
Vedrørende varetægt.aspx;Ansvar;"href=""/Skade/hb/ansvarNY/SitePages/Ankenævnskendelser%20vedrørende%20skade%20forvoldt%20på%20og%20med%20motorkøretøjer.aspx""";
Eldrevet cykel.aspx;Ansvar;"href=""/Skade/hb/ansvarNY/SitePages/Ansvar%20for%20eldrevne%20løbehjul%20og%20eldrevne%20skateboard.aspx""";
Vedrørende skade sket, når skadelidte ikke er hjemme.aspx;Ansvar;"href=""/Skade/hb/ansvarNY/SitePages/Ansvar%20under%20arbejde%20for%20andre.aspx""";
Skade sket i boligforeninger.aspx;Ansvar;"href=""/Skade/hb/ansvarNY/SitePages/Arbejdsskadeforsikring%20-%20Arbejdsskadestyrelsen.aspx""";
Specielt for personer med bofællesskab, familie i øvrigt samt gæster.aspx;Ansvar;"href=""/Skade/hb/ansvarNY/SitePages/Arbejdsskadeforsikring%20-%20Arbejdsskadestyrelsen.aspx""";
Specielt ved gensidig hjælp.aspx;Ansvar;"href=""/Skade/hb/ansvarNY/SitePages/Arbejdsskadeforsikring%20-%20Arbejdsskadestyrelsen.aspx""";
Specielt ved håndsrækninger.aspx;Ansvar;"href=""/Skade/hb/ansvarNY/SitePages/Arbejdsskadeforsikring%20-%20Arbejdsskadestyrelsen.aspx""";
Klage over afgørelse.aspx;Ansvar;"href=""/Skade/hb/ansvarNY/SitePages/Besvarelse%20af%20klagesager.aspx""";
Personskader sket i udlandet.aspx;Ansvar;"href=""/Skade/hb/ansvarNY/SitePages/Betaling%20til%20vores%20samarbejdspartnere.aspx""";
Cykler.aspx;Ansvar;"href=""/Skade/hb/ansvarNY/SitePages/Cykler%20lånt%20eller%20lejet%20i%20udlandet.aspx""";
Lån og leje.aspx;Ansvar;"href=""/Skade/hb/ansvarNY/SitePages/Cykler%20lånt%20eller%20lejet%20i%20udlandet.aspx""";
Lån og leje.aspx;Ansvar;"href=""/Skade/hb/ansvarNY/SitePages/cykler.aspx""";
Husejeransvar.aspx;Ansvar;"href=""/Skade/hb/ansvarNY/SitePages/Danske%20Lov%203-19-2.aspx""";
Hesteskader.aspx;Ansvar;"href=""/Skade/hb/ansvarNY/SitePages/Danske%20Lov%206-10-2.aspx""";
Cykler.aspx;Ansvar;"href=""/Skade/hb/ansvarNY/SitePages/Dobbeltforsikring.aspx""";
Lån og leje.aspx;Ansvar;"href=""/Skade/hb/ansvarNY/SitePages/dobbeltforsikring.aspx""";
Vedrørende hændelige skader.aspx;Ansvar;"href=""/Skade/hb/ansvarNY/SitePages/Egne%20skadesager%20anerkendt%20som%20gæstebudsskade.aspx""";
Vedrørende forsætlige skader.aspx;Ansvar;"href=""/Skade/hb/ansvarNY/SitePages/Egne%20skadesager%20forvoldt%20af%20børn.aspx""";
Vedrørende forsætligt forvoldte skader, som skyldes evnen til at handle fornuftsmæssigt.aspx;Ansvar;"href=""/Skade/hb/ansvarNY/SitePages/Egne%20skadesager%20forvoldt%20af%20børn.aspx""";
Vedrørende forsætligt forvoldte skader, som skyldes handicap og sygdom.aspx;Ansvar;"href=""/Skade/hb/ansvarNY/SitePages/egne%20skadesager%20forvoldt%20af%20børn.aspx""";
Ansvar for eldrevne løbehjul og eldrevne skateboard.aspx;Ansvar;"href=""/Skade/hb/ansvarNY/SitePages/Eldrevet%20cykel.aspx""";
Vejledning til behandling af en ansvarssag.aspx;Ansvar;"href=""/Skade/hb/ansvarNY/SitePages/En%20værnet%20interesse.aspx""";
Vedrørende selvforsikrede kommuner.aspx;Ansvar;"href=""/Skade/hb/ansvarNY/SitePages/Erstatning%20til%20skoler%20og%20kommuner.aspx""";
Afskrivning i skadelidtes krav.aspx;Ansvar;"href=""/Skade/hb/ansvarNY/SitePages/Erstatningens%20størrelse%20for%20dyr.aspx""";
Hund gør andre dyr bange.aspx;Ansvar;"href=""/Skade/hb/ansvarNY/SitePages/Erstatningens%20størrelse%20for%20dyr.aspx""";
Skade opstået under hundeslagsmål.aspx;Ansvar;"href=""/Skade/hb/ansvarNY/SitePages/Erstatningens%20størrelse%20for%20dyr.aspx""";
Slagsmål mellem hund og kat.aspx;Ansvar;"href=""/Skade/hb/ansvarNY/SitePages/Erstatningens%20størrelse%20for%20dyr.aspx""";
Uønsket parring - egen skyld.aspx;Ansvar;"href=""/Skade/hb/ansvarNY/SitePages/Erstatningens%20størrelse%20for%20dyr.aspx""";
Medarbejderens egen hæftelse.aspx;Ansvar;"href=""/Skade/hb/ansvarNY/SitePages/Erstatningsansvarslovens%20§%2023.aspx""";
Skade på feriebolig.aspx;Ansvar;"href=""/Skade/hb/ansvarNY/SitePages/Erstatningsopgørelse%20for%20lånte%20eller%20lejede%20nøgler.aspx""";
AnsvarForældelse.aspx;Ansvar;"href=""/Skade/hb/ansvarNY/SitePages/Forældelse.aspx""";
Motorkøretøj - børns ansvar - varetægt.aspx;Ansvar;"href=""/Skade/hb/ansvarNY/SitePages/Forældres%20hæftelsesansvar.aspx""";
Skade forvoldt af børn.aspx;Ansvar;"href=""/Skade/hb/ansvarNY/SitePages/Forældres%20hæftelsesansvar.aspx""";
Spiritus.aspx;Ansvar;"href=""/Skade/hb/ansvarNY/SitePages/Forældres%20hæftelsesansvar.aspx""";
Uagtsomhedsgrader.aspx;Ansvar;"href=""/Skade/hb/ansvarNY/SitePages/Forældres%20hæftelsesansvar.aspx""";
Vedrørende spirituspåvirkning.aspx;Ansvar;"href=""/Skade/hb/ansvarNY/SitePages/Forældres%20hæftelsesansvar.aspx""";
Behandling af skiskader.aspx;Ansvar;"href=""/Skade/hb/ansvarNY/SitePages/Færdselsregler%20på%20ski.aspx""";
Husejeransvar.aspx;Ansvar;"href=""/Skade/hb/ansvarNY/SitePages/Glideskader.aspx""";
Gæstebudsskade.aspx;Ansvar;"href=""/Skade/hb/ansvarNY/SitePages/Gæstebud%20i%20forhold%20til%20mindre%20børn.aspx""";
Skade forvoldt af børn.aspx;Ansvar;"href=""/Skade/hb/ansvarNY/SitePages/Gæstebud%20i%20forhold%20til%20mindre%20børn.aspx""";
Tjenesteydelse.aspx;Ansvar;"href=""/Skade/hb/ansvarNY/SitePages/Gæstebudsskade.aspx""";
Skoleskader.aspx;Ansvar;"href=""/Skade/hb/ansvarNY/SitePages/Henvisning%20til%20eget%20forsikringsselskab.aspx""";
Referater fra ansvarsmøder.aspx;Ansvar;"href=""/Skade/hb/ansvarNY/SitePages/Hund%20gør%20andre%20dyr%20bange.aspx""";
Husejers ansvar for lejers forsømmelse.aspx;Ansvar;"href=""/Skade/hb/ansvarNY/SitePages/Husejeransvar%20på%20erhvervsansvarsforsikringen.aspx""";
Ansvar under arbejde for andre.aspx;Ansvar;"href=""/Skade/hb/ansvarNY/SitePages/Husejeransvar.aspx""";
Uagtsomhedsgrader.aspx;Ansvar;"href=""/Skade/hb/ansvarNY/SitePages/husejeransvar.aspx""";
Vejledning til behandling af en ansvarssag.aspx;Ansvar;"href=""/Skade/hb/ansvarNY/SitePages/husejeransvar.aspx""";
Glideskader.aspx;Ansvar;"href=""/Skade/hb/ansvarNY/SitePages/Husejers%20ansvar%20for%20lejers%20forsømmelse.aspx""";
Lån og leje.aspx;Ansvar;"href=""/Skade/hb/ansvarNY/SitePages/Hvem%20behandler%20skader%20på%20lånte%20og%20lejede%20genstande.aspx""";
Vejledning til behandling af en ansvarssag.aspx;Ansvar;"href=""/Skade/hb/ansvarNY/SitePages/Hvilke%20ansvarsskader%20skal%20vi%20tage%20stilling%20til.aspx""";
Hesteskader.aspx;Ansvar;"href=""/Skade/hb/ansvarNY/SitePages/Kapitel%202-aftalen.aspx""";
Hund er årsag til bilulykke.aspx;Ansvar;"href=""/Skade/hb/ansvarNY/SitePages/Kapitel%202-aftalen.aspx""";
Motoransvar eller privat ansvar.aspx;Ansvar;"href=""/Skade/hb/ansvarNY/SitePages/Kapitel%202-aftalen.aspx""";
Graveskader på ledninger.aspx;Ansvar;"href=""/Skade/hb/ansvarNY/SitePages/Ledningsejerregistret.aspx""";
Glideskader.aspx;Ansvar;"href=""/Skade/hb/ansvarNY/SitePages/Lov%20om%20Erstatningsansvar%20§%2025.aspx""";
Hesteskader.aspx;Ansvar;"href=""/Skade/hb/ansvarNY/SitePages/Lov%20om%20erstatningsansvar%20§%2025.aspx""";
Husejers ansvar for lejers forsømmelse.aspx;Ansvar;"href=""/Skade/hb/ansvarNY/SitePages/Lov%20om%20Erstatningsansvar%20§%2025.aspx""";"href=""/Skade/hb/ansvarNY/SitePages/Lov%20om%20Erstatningsansvar%20§%2025.aspx"""
Skoleskader.aspx;Ansvar;"href=""/Skade/hb/ansvarNY/SitePages/Lov%20om%20Erstatningsansvar%20§%2025.aspx""";
Småskader.aspx;Ansvar;"href=""/Skade/hb/ansvarNY/SitePages/Lov%20om%20erstatningsansvar%20§%2025.aspx""";
Vedrørende passager forvolder skade på bil.aspx;Ansvar;"href=""/Skade/hb/ansvarNY/SitePages/Lov%20om%20Erstatningsansvar%20§%2025.aspx""";
Hvem behandler skader på lånte og lejede genstande.aspx;Ansvar;"href=""/Skade/hb/ansvarNY/SitePages/Lån%20og%20leje.aspx""";
Varetægt.aspx;Ansvar;"href=""/Skade/hb/ansvarNY/SitePages/Lån%20og%20leje.aspx""";
Spiritus.aspx;Ansvar;"href=""/Skade/hb/ansvarNY/SitePages/Manglet%20evnen%20til%20at%20handle%20fornuftsmæssigt.aspx""";
Uagtsomhedsgrader.aspx;Ansvar;"href=""/Skade/hb/ansvarNY/SitePages/Manglet%20evnen%20til%20at%20handle%20fornuftsmæssigt.aspx""";
Hesteskader.aspx;Ansvar;"href=""/Skade/hb/ansvarNY/SitePages/Mark-%20og%20vejfredsloven.aspx""";
Katteskader.aspx;Ansvar;"href=""/Skade/hb/ansvarNY/SitePages/Mark-%20og%20Vejfredsloven.aspx""";
Vedrørende ukendte og uforsikrede heste.aspx;Ansvar;"href=""/Skade/hb/ansvarNY/SitePages/Mark-%20og%20Vejfredsloven.aspx""";
Varetægt.aspx;Ansvar;"href=""/Skade/hb/ansvarNY/SitePages/Motorkøretøj%20-%20børns%20ansvar%20-%20varetægt.aspx""";
Vejledning til behandling af en ansvarssag.aspx;Ansvar;"href=""/Skade/hb/ansvarNY/SitePages/Nødret.aspx""";
Færdselsskader.aspx;Ansvar;"href=""/Skade/hb/ansvarNY/SitePages/Politirapport.aspx""";
Skade opstået under hundeslagsmål.aspx;Ansvar;"href=""/Skade/hb/ansvarNY/SitePages/Politirapport.aspx""";
Vejledning til behandling af en ansvarssag.aspx;Ansvar;"href=""/Skade/hb/ansvarNY/SitePages/Påregnelig.aspx""";
Husejeransvar.aspx;Ansvar;"href=""/Skade/hb/ansvarNY/SitePages/Referater%20fra%20ansvarsmøder.aspx""";
Hund gør andre dyr bange.aspx;Ansvar;"href=""/Skade/hb/ansvarNY/SitePages/Regres%20Hundeansvarsforsikring.aspx""";
Skade opstået under hundeslagsmål.aspx;Ansvar;"href=""/Skade/hb/ansvarNY/SitePages/Regres%20hundeansvarsforsikring.aspx""";
Uønsket parring - egen skyld.aspx;Ansvar;"href=""/Skade/hb/ansvarNY/SitePages/Regres%20Hundeansvarsforsikring.aspx""";
AnsvarReserveafsættelse.aspx;Ansvar;"href=""/Skade/hb/ansvarNY/SitePages/Reserveafsættelse%20i%20skadesager%20som%20forventes%20at%20komme%20til%20at%20koste%20over%201%20mio.aspx""";
AnsvarReserveafsættelse.aspx;Ansvar;"href=""/Skade/hb/ansvarNY/SitePages/Reserveafsættelse%20i%20skadesager%20som%20forventes%20at%20komme%20til%20at%20koste%20over%201%20mio.aspx""";
Reserveafsættelse i skadesager som forventes at komme til at koste over 1 mio.aspx;Ansvar;"href=""/Skade/hb/ansvarNY/SitePages/Reserveafsættelse.aspx""";
Danske Lov 3-19-2.aspx;Ansvar;"href=""/Skade/hb/ansvarNY/SitePages/selvstændigt%20virkende%20tredjemand.aspx""";
Skade på feriebolig.aspx;Ansvar;"href=""/Skade/hb/ansvarNY/SitePages/Skade%20på%20bygningsdele%20i%20hotelværelser%20og%20lejede%20ferieboliger.aspx""";
Skader forvoldt ved brug af legetøj med motorkraft under 5 hk.aspx;Ansvar;"href=""/Skade/hb/ansvarNY/SitePages/Skader%20forvoldt%20med%20droner.aspx""";
Lov om Erstatningsansvar § 25.aspx;Ansvar;"href=""/Skade/hb/ansvarNY/SitePages/småskader.aspx""";
Arbejdsskadeforsikring - Arbejdsskadestyrelsen.aspx;Ansvar;"href=""/Skade/hb/ansvarNY/SitePages/Specielt%20for%20personer%20med%20bofællesskab,%20familie%20i%20øvrigt%20samt%20gæster.aspx""";
Arbejdsskadeforsikring - Arbejdsskadestyrelsen.aspx;Ansvar;"href=""/Skade/hb/ansvarNY/SitePages/Specielt%20ved%20gensidig%20hjælp.aspx""";
Arbejdsskadeforsikring - Arbejdsskadestyrelsen.aspx;Ansvar;"href=""/Skade/hb/ansvarNY/SitePages/Specielt%20ved%20håndsrækninger.aspx""";
Tjenesteydelse.aspx;Ansvar;"href=""/Skade/hb/ansvarNY/SitePages/specielt%20ved%20håndsrækninger.aspx""";
Hund gør andre dyr bange.aspx;Ansvar;"href=""/Skade/hb/ansvarNY/SitePages/Spændende%20hundeansvarssager.aspx""";
Vedrørende hundeansvar - accept af risiko.aspx;Ansvar;"href=""/Skade/hb/ansvarNY/SitePages/spændende%20hundeansvarssager.aspx""";
Vedrørende skade forvoldt under arbejde.aspx;Ansvar;"href=""/Skade/hb/ansvarNY/SitePages/Tjenesteydelse.aspx""";
Vedrørende skade sket, når skadelidte ikke er hjemme.aspx;Ansvar;"href=""/Skade/hb/ansvarNY/SitePages/Tjenesteydelse.aspx""";
Husejeransvar.aspx;Ansvar;"href=""/Skade/hb/ansvarNY/SitePages/Trampolinskader.aspx""";
Vejledning til behandling af en ansvarssag.aspx;Ansvar;"href=""/Skade/hb/ansvarNY/SitePages/Uagtsomhedsgrader.aspx""";
Vejledning til behandling af en ansvarssag.aspx;Ansvar;"href=""/Skade/hb/ansvarNY/SitePages/Uanmodet%20forretningsførelse.aspx""";
Husejeransvar.aspx;Ansvar;"href=""/Skade/hb/ansvarNY/SitePages/Ubebygget%20grund.aspx""";
Hæftelse for købte varer.aspx;Ansvar;"href=""/Skade/hb/ansvarNY/SitePages/Varer%20i%20udvalg%20-%20køb%20på%20prøve.aspx""";
Cykler.aspx;Ansvar;"href=""/Skade/hb/ansvarNY/SitePages/varetægt.aspx""";
Hundeansvar - lån, leje mm.aspx;Ansvar;"href=""/Skade/hb/ansvarNY/SitePages/varetægt.aspx""";
Skade på arbejdsgivers genstande.aspx;Ansvar;"href=""/Skade/hb/ansvarNY/SitePages/varetægt.aspx""";
Vedrørende skade sket, når skadelidte ikke er hjemme.aspx;Ansvar;"href=""/Skade/hb/ansvarNY/SitePages/varetægt.aspx""";
Politirapport.aspx;Ansvar;"href=""/Skade/hb/ansvarNY/SitePages/Vedrørende%20anerkendelse%20i%20hundeansvarssager.aspx""";
Vedrørende selskabets anerkendelse.aspx;Ansvar;"href=""/Skade/hb/ansvarNY/SitePages/Vedrørende%20anerkendelse%20i%20hundeansvarssager.aspx""";
Danske Lov 3-19-2.aspx;Ansvar;"href=""/Skade/hb/ansvarNY/SitePages/Vedrørende%20ansatte%20forvolder%20skade%20på%20hinanden.aspx""";
Husejeransvar på erhvervsansvarsforsikringen.aspx;Ansvar;"href=""/Skade/hb/ansvarNY/SitePages/Vedrørende%20ejer%20af%20enkelt%20bygning%20ikke%20blev%20anset%20som%20værende%20erhvervsdrivende.aspx""";
Husejers ansvar for lejers forsømmelse.aspx;Ansvar;"href=""/Skade/hb/ansvarNY/SitePages/Vedrørende%20ejer%20af%20enkelt%20bygning%20ikke%20blev%20anset%20som%20værende%20erhvervsdrivende.aspx""";
Uagtsomhedsgrader.aspx;Ansvar;"href=""/Skade/hb/ansvarNY/SitePages/Vedrørende%20forsætlige%20skader.aspx""";
Manglet evnen til at handle fornuftsmæssigt.aspx;Ansvar;"href=""/Skade/hb/ansvarNY/SitePages/Vedrørende%20forsætligt%20forvoldte%20skader,%20som%20skyldes%20evnen%20til%20at%20handle%20fornuftsmæssigt.aspx""";
Skade forvoldt af børn.aspx;Ansvar;"href=""/Skade/hb/ansvarNY/SitePages/Vedrørende%20forsætligt%20forvoldte%20skader,%20som%20skyldes%20evnen%20til%20at%20handle%20fornuftsmæssigt.aspx""";
Uagtsomhedsgrader.aspx;Ansvar;"href=""/Skade/hb/ansvarNY/SitePages/Vedrørende%20forsætligt%20forvoldte%20skader,%20som%20skyldes%20evnen%20til%20at%20handle%20fornuftsmæssigt.aspx""";
Manglet evnen til at handle fornuftsmæssigt.aspx;Ansvar;"href=""/Skade/hb/ansvarNY/SitePages/Vedrørende%20forsætligt%20forvoldte%20skader,%20som%20skyldes%20handicap%20og%20sygdom.aspx""";
Skade forvoldt af børn.aspx;Ansvar;"href=""/Skade/hb/ansvarNY/SitePages/Vedrørende%20forsætligt%20forvoldte%20skader,%20som%20skyldes%20handicap%20og%20sygdom.aspx""";
Uagtsomhedsgrader.aspx;Ansvar;"href=""/Skade/hb/ansvarNY/SitePages/Vedrørende%20forsætligt%20forvoldte%20skader,%20som%20skyldes%20handicap%20og%20sygdom.aspx""";
Vedrørende forsætligt forvoldte skader, som skyldes evnen til at handle fornuftsmæssigt.aspx;Ansvar;"href=""/Skade/hb/ansvarNY/SitePages/Vedrørende%20forsætligt%20forvoldte%20skader,%20som%20skyldes%20handicap%20og%20sygdom.aspx""";
Færdselsskader.aspx;Ansvar;"href=""/Skade/hb/ansvarNY/SitePages/Vedrørende%20færdselsskader.aspx""";
Glideskader.aspx;Ansvar;"href=""/Skade/hb/ansvarNY/SitePages/Vedrørende%20glideskader.aspx""";
Graveskader på ledninger.aspx;Ansvar;"href=""/Skade/hb/ansvarNY/SitePages/Vedrørende%20graveskader.aspx""";
Vedrørende grov uagtsomhed.aspx;Ansvar;"href=""/Skade/hb/ansvarNY/SitePages/Vedrørende%20grov%20uagtsomhed%20ved%20brandskader.aspx""";
Skade forvoldt af børn.aspx;Ansvar;"href=""/Skade/hb/ansvarNY/SitePages/Vedrørende%20grov%20uagtsomhed.aspx""";
Uagtsomhedsgrader.aspx;Ansvar;"href=""/Skade/hb/ansvarNY/SitePages/Vedrørende%20grov%20uagtsomhed.aspx""";
Pasning af andres hunde.aspx;Ansvar;"href=""/Skade/hb/ansvarNY/SitePages/Vedrørende%20hundeansvar%20-%20accept%20af%20risiko.aspx""";
Referater fra ansvarsmøder.aspx;Ansvar;"href=""/Skade/hb/ansvarNY/SitePages/Vedrørende%20hundeansvar%20-%20accept%20af%20risiko.aspx""";
Ting og personskader forvoldt på en sikret person.aspx;Ansvar;"href=""/Skade/hb/ansvarNY/SitePages/Vedrørende%20Hundeansvar%20-%20accept%20af%20risiko.aspx""";
Vejledning til behandling af en ansvarssag.aspx;Ansvar;"href=""/Skade/hb/ansvarNY/SitePages/Vedrørende%20Hundeansvar%20-%20personskader%20-%20egen%20medvirken.aspx""";
Skade opstået under hundeslagsmål.aspx;Ansvar;"href=""/Skade/hb/ansvarNY/SitePages/Vedrørende%20hundeslagsmål.aspx""";
Vedrørende Hundeansvar - personskader - egen medvirken.aspx;Ansvar;"href=""/Skade/hb/ansvarNY/SitePages/Vedrørende%20hundeslagsmål.aspx""";
Vejledning til behandling af en ansvarssag.aspx;Ansvar;"href=""/Skade/hb/ansvarNY/SitePages/Vedrørende%20Hundeslagsmål.aspx""";
Gæstebudsskade.aspx;Ansvar;"href=""/Skade/hb/ansvarNY/SitePages/Vedrørende%20hændelige%20skader.aspx""";
Uagtsomhedsgrader.aspx;Ansvar;"href=""/Skade/hb/ansvarNY/SitePages/Vedrørende%20hændelige%20skader.aspx""";
Erstatning til skoler og kommuner.aspx;Ansvar;"href=""/Skade/hb/ansvarNY/SitePages/Vedrørende%20kommuner%20og%20skolers%20momsbeløb.aspx""";
Lån og leje.aspx;Ansvar;"href=""/Skade/hb/ansvarNY/SitePages/Vedrørende%20lånte%20og%20lejede%20cykler.aspx""";
Pasning af andres hunde.aspx;Ansvar;"href=""/Skade/hb/ansvarNY/SitePages/Vedrørende%20pasning%20af%20hund.aspx""";
Ting og personskader forvoldt på en sikret person.aspx;Ansvar;"href=""/Skade/hb/ansvarNY/SitePages/Vedrørende%20pasning%20af%20hund.aspx""";
Motoransvar eller privat ansvar.aspx;Ansvar;"href=""/Skade/hb/ansvarNY/SitePages/Vedrørende%20passager%20forvolder%20skade%20på%20bil.aspx""";
produktansvar.aspx;Ansvar;"href=""/Skade/hb/ansvarNY/SitePages/Vedrørende%20produktansvar.aspx""";
Afskrivning i skadelidtes krav.aspx;Ansvar;"href=""/Skade/hb/ansvarNY/SitePages/Vedrørende%20reduktion%20i%20erstatningens%20størrelse,%20hvis%20skadelidte%20ved%20grov%20uagtsomhed%20har%20medvirket%20til%20skaden.aspx""";
Færdselsskader.aspx;Ansvar;"href=""/Skade/hb/ansvarNY/SitePages/Vedrørende%20selskabets%20anerkendelse.aspx""";
Vejledning til behandling af en ansvarssag.aspx;Ansvar;"href=""/Skade/hb/ansvarNY/SitePages/Vedrørende%20selskabets%20anerkendelse.aspx""";
Vedrørende selvforsikrede skoler EAL § 20.aspx;Ansvar;"href=""/Skade/hb/ansvarNY/SitePages/Vedrørende%20selvforsikrede%20kommuner.aspx""";
Henvisning til eget forsikringsselskab.aspx;Ansvar;"href=""/Skade/hb/ansvarNY/SitePages/Vedrørende%20selvforsikrede%20skoler%20EAL%20§%2020.aspx""";
Hvilke ansvarsskader skal vi tage stilling til.aspx;Ansvar;"href=""/Skade/hb/ansvarNY/SitePages/Vedrørende%20selvforsikrede%20skoler%20EAL%20§%2020.aspx""";
Husejeransvar på erhvervsansvarsforsikringen.aspx;Ansvar;"href=""/Skade/hb/ansvarNY/SitePages/Vedrørende%20skade%20forvoldt%20i%20lejede%20bygninger.aspx""";
Husejeransvar.aspx;Ansvar;"href=""/Skade/hb/ansvarNY/SitePages/Vedrørende%20skade%20forvoldt%20i%20lejede%20bygninger.aspx""";
Skade på lejer.aspx;Ansvar;"href=""/Skade/hb/ansvarNY/SitePages/Vedrørende%20skade%20forvoldt%20i%20lejede%20bygninger.aspx""";
Ansvar under arbejde for andre.aspx;Ansvar;"href=""/Skade/hb/ansvarNY/SitePages/Vedrørende%20skade%20forvoldt%20under%20arbejde.aspx""";
Husejeransvar.aspx;Ansvar;"href=""/Skade/hb/ansvarNY/SitePages/Vedrørende%20skade%20i%20ejerlejlighed.aspx""";
Skade på arbejdsgivers genstande.aspx;Ansvar;"href=""/Skade/hb/ansvarNY/SitePages/Vedrørende%20skade%20på%20genstand%20tilhørende%20arbejdsgiver.aspx""";
Skade opstået under hundeslagsmål.aspx;Ansvar;"href=""/Skade/hb/ansvarNY/SitePages/Vedrørende%20skade%20på%20hund%20under%20leg.aspx""";
Skade på anden sikret person.aspx;Ansvar;"href=""/Skade/hb/ansvarNY/SitePages/Vedrørende%20skade%20på%20sikrede%20personer.aspx""";
Gæstebudsskade.aspx;Ansvar;"href=""/Skade/hb/ansvarNY/SitePages/Vedrørende%20skade%20sket,%20når%20skadelidte%20ikke%20er%20hjemme.aspx""";
Sådan foregår retssager.aspx;Ansvar;"href=""/Skade/hb/ansvarNY/SitePages/Vedrørende%20skadelidte%20stævnede%20forsikringsselskabet.aspx""";
Hesteskader.aspx;Ansvar;"href=""/Skade/hb/ansvarNY/SitePages/Vedrørende%20skader%20forvoldt%20af%20heste.aspx""";
Færdselsregler på ski.aspx;Ansvar;"href=""/Skade/hb/ansvarNY/SitePages/Vedrørende%20skiskader.aspx""";
Gæstebudsskade.aspx;Ansvar;"href=""/Skade/hb/ansvarNY/SitePages/Vedrørende%20snubleskader.aspx""";
Snubleskader.aspx;Ansvar;"href=""/Skade/hb/ansvarNY/SitePages/Vedrørende%20snubleskader.aspx""";
Spiritus.aspx;Ansvar;"href=""/Skade/hb/ansvarNY/SitePages/Vedrørende%20spirituspåvirkning.aspx""";
Golfskader.aspx;Ansvar;"href=""/Skade/hb/ansvarNY/SitePages/Vedrørende%20sportsskader.aspx""";
Tjenesteydelse.aspx;Ansvar;"href=""/Skade/hb/ansvarNY/SitePages/Vedrørende%20tjenesteydelse.aspx""";
Varetægt.aspx;Ansvar;"href=""/Skade/hb/ansvarNY/SitePages/Vedrørende%20tjenesteydelse.aspx""";
Hesteskader.aspx;Ansvar;"href=""/Skade/hb/ansvarNY/SitePages/Vedrørende%20ukendte%20og%20uforsikrede%20heste.aspx""";
Uønsket parring - egen skyld.aspx;Ansvar;"href=""/Skade/hb/ansvarNY/SitePages/Vedrørende%20uønsket%20parring.aspx""";
Varer i udvalg - køb på prøve.aspx;Ansvar;"href=""/Skade/hb/ansvarNY/SitePages/Vedrørende%20varer%20på%20prøve.aspx""";
Vedrørende varetægt.aspx;Ansvar;"href=""/Skade/hb/ansvarNY/SitePages/Vedrørende%20varer%20på%20prøve.aspx""";
Ankenævnskendelser vedrørende skade forvoldt på og med motorkøretøjer.aspx;Ansvar;"href=""/Skade/hb/ansvarNY/SitePages/Vedrørende%20varetægt.aspx""";
Varetægt.aspx;Ansvar;"href=""/Skade/hb/ansvarNY/SitePages/Vedrørende%20varetægt.aspx""";
Glideskader.aspx;Ansvar;"href=""/Skade/hb/ansvarNY/SitePages/Vintervedligeholdelse%20af%20Offentlige%20veje.aspx""";
Vintervedligeholdelse af Offentlige veje.aspx;Ansvar;"href=""/Skade/hb/ansvarNY/SitePages/Vintervedligeholdelse%20af%20Offentlige%20veje.aspx?WikiPageMode=Edit&amp";
Vintervedligeholdelse af Offentlige veje.aspx;Ansvar;"href=""/Skade/hb/ansvarNY/SitePages/Vintervedligeholdelse%20af%20Offentlige%20veje.aspx?WikiPageMode=Edit&amp";
Glideskader.aspx;Ansvar;"href=""/Skade/hb/ansvarNY/SitePages/Vintervedligeholdelse%20af%20Private%20fællesveje.aspx""";
Vintervedligeholdelse af Private fællesveje.aspx;Ansvar;"href=""/Skade/hb/ansvarNY/SitePages/Vintervedligeholdelse%20af%20Private%20fællesveje.aspx?WikiPageMode=Edit&amp";
Vintervedligeholdelse af Private fællesveje.aspx;Ansvar;"href=""/Skade/hb/ansvarNY/SitePages/Vintervedligeholdelse%20af%20Private%20fællesveje.aspx?WikiPageMode=Edit&amp";
Vintervedligeholdelse af Private fællesveje.aspx;Ansvar;"href=""/Skade/hb/ansvarNY/SitePages/Vintervedligeholdelse%20af%20Private%20fællesveje.aspx?WikiPageMode=Edit&amp";
Vintervedligeholdelse af Private fællesveje.aspx;Ansvar;"href=""/Skade/hb/ansvarNY/SitePages/Vintervedligeholdelse%20af%20Private%20fællesveje.aspx?WikiPageMode=Edit&amp";
Andre landes retspraksis og anden praksis.aspx;Ansvar;"href=""/Skade/hb/bil/SiteAssets/SitePages/Retspraksis%20og%20anden%20praksis/2014%20SPANISH%20OFFICIAL%20INJURY%20SCALE.pdf""";
Personskader sket i udlandet.aspx;Ansvar;"href=""/Skade/hb/bil/SitePages/Grønt%20kort%20bureauer.aspx""";
Behandling af skiskader.aspx;Ansvar;"href=""/Skade/hb/bil/SitePages/LB%27s%20Grønt%20kort%20partnere.aspx""";
Personskader sket i udlandet.aspx;Ansvar;"href=""/Skade/hb/bil/SitePages/LB%27s%20Grønt%20kort%20partnere.aspx""";
AnsvarForældelse.aspx;Ansvar;"href=""/Skade/hb/byg/Delte%20dokumenter/Dom%20om%20forældelse.pdf""";
AnsvarForældelse.aspx;Ansvar;"href=""/Skade/hb/byg/SitePages/Forældelsesreglerne%20vist%20i%20forskellige%20eksempler.aspx""";
AnsvarSelvrisiko.aspx;Ansvar;"href=""/Skade/hb/byg/SitePages/Hvordan%20foretager%20vi%20afskrivning.aspx""";
AnsvarMedarbejdersager.aspx;Ansvar;"href=""/Skade/hb/GenerelSkadepolitik/Sider/Sagerhvoransatteerinvolveret.aspx""";
Erstatningens størrelse for dyr.aspx;Ansvar;"href=""/Skade/hb/hund/SitePages/Dyrlægekonsulent%20Søren%20Karstensen.aspx""";
Forurening.aspx;Ansvar;"href=""/Skade/hb/indbogl/Sider/Klinkedommen---gennemgang-og-konsekvensbetragtninger.aspx""";
AnsvarForældelse.aspx;Ansvar;"href=""/Skade/hb/regres/skadetyper/Sider/Skade-forvoldt-af-håndværkere.aspx""";
produktansvar.aspx;Ansvar;"href=""/Skade/hb/regres/skadetyper/Sider/Skader-forvoldt-af-defekte-produkter.aspx""";
Vejledning til behandling af en ansvarssag.aspx;Ansvar;"href=""/Skade/hb/regres/skadetyper/Sider/Skader-forvoldt-af-elforsyningsvirksomheder-(overspændinger-mv.).aspx""";
Rådgivningsansvar.aspx;Ansvar;"href=""/Skade/tool/KlaInd/Lists/Retssager%20i%20LBkoncernen/Aktive%20sager.aspx?View=%7b550B4E55-41A9-4E0A-BB9B-0DB3BAC7E4DC%7d&amp";
