Title	Gruppe	Undergruppe	Content
TestHerbie	Bil	Kasko	"Lorem ipsum dolor sit amet, consectetur adipiscing elit, sed do eiusmod tempor incididunt ut labore et dolore magna aliqua. Eu tincidunt tortor aliquam nulla. Tincidunt praesent semper feugiat nibh sed pulvinar. Eleifend donec pretium vulputate sapien. Eu facilisis sed odio morbi. Pellentesque diam volutpat commodo sed. In dictum non consectetur a erat nam at. Porttitor lacus luctus accumsan tortor posuere. In iaculis nunc sed augue lacus viverra vitae congue eu. Viverra maecenas accumsan lacus vel facilisis volutpat est velit. Enim ut sem viverra aliquet eget sit amet tellus. Purus in mollis nunc sed id semper. Feugiat pretium nibh ipsum consequat nisl vel pretium. Risus ultricies tristique nulla aliquet enim. Fames ac turpis egestas integer eget. Viverra suspendisse potenti nullam ac tortor vitae purus faucibus. Ante in nibh mauris cursus mattis molestie a. Sed ullamcorper morbi tincidunt ornare massa eget egestas purus. Eu lobortis elementum nibh tellus molestie nunc non blandit massa. Tortor condimentum lacinia quis vel eros donec ac.

Duis at consectetur lorem donec massa sapien faucibus et molestie. Donec ultrices tincidunt arcu non sodales neque sodales ut. Vulputate mi sit amet mauris commodo quis imperdiet massa. Orci ac auctor augue mauris augue neque gravida in. Sapien pellentesque habitant morbi tristique senectus et netus. Convallis tellus id interdum velit laoreet id donec ultrices tincidunt. Tincidunt vitae semper quis lectus nulla at volutpat. Cursus turpis massa tincidunt dui ut ornare. Tellus in hac habitasse platea dictumst. Rhoncus dolor purus non enim praesent elementum facilisis leo. Montes nascetur ridiculus mus mauris vitae ultricies leo integer. Et tortor at risus viverra adipiscing.

Eget magna fermentum iaculis eu. Nibh cras pulvinar mattis nunc sed blandit libero. Morbi tempus iaculis urna id. Pretium viverra suspendisse potenti nullam ac tortor. Risus at ultrices mi tempus imperdiet nulla malesuada pellentesque. Ut diam quam nulla porttitor. Consectetur libero id faucibus nisl tincidunt eget. Leo a diam sollicitudin tempor id. Cursus sit amet dictum sit amet justo. Tempor id eu nisl nunc mi ipsum faucibus vitae aliquet. Vitae sapien pellentesque habitant morbi tristique senectus et netus et. Justo donec enim diam vulputate ut pharetra sit amet.

Orci phasellus egestas tellus rutrum. Arcu vitae elementum curabitur vitae nunc sed. In hac habitasse platea dictumst quisque sagittis purus sit amet. Eros in cursus turpis massa tincidunt dui ut ornare lectus. Fames ac turpis egestas sed tempus urna et pharetra pharetra. Neque convallis a cras semper auctor neque vitae. In arcu cursus euismod quis viverra nibh cras pulvinar. Donec et odio pellentesque diam volutpat commodo. Ut diam quam nulla porttitor massa id neque aliquam. Sit amet consectetur adipiscing elit duis tristique. Urna nunc id cursus metus aliquam eleifend mi in.

Ac odio tempor orci dapibus ultrices in. Ultrices eros in cursus turpis massa tincidunt dui. Euismod lacinia at quis risus sed vulputate. Sed risus ultricies tristique nulla aliquet enim. Dolor morbi non arcu risus quis varius quam quisque id. Amet nulla facilisi morbi tempus iaculis urna id volutpat lacus. Ac placerat vestibulum lectus mauris ultrices. Ac tortor vitae purus faucibus ornare suspendisse. Dolor sit amet consectetur adipiscing elit pellentesque. Tristique sollicitudin nibh sit amet commodo nulla facilisi nullam vehicula. Egestas quis ipsum suspendisse ultrices gravida dictum fusce. Volutpat est velit egestas dui id ornare arcu.

Eget egestas purus viverra accumsan in nisl nisi scelerisque. Faucibus vitae aliquet nec ullamcorper sit. Nulla pharetra diam sit amet. Pulvinar sapien et ligula ullamcorper malesuada proin. Ridiculus mus mauris vitae ultricies leo integer malesuada nunc. Sed odio morbi quis commodo odio aenean sed adipiscing diam. Nisi scelerisque eu ultrices vitae auctor. Urna cursus eget nunc scelerisque viverra mauris in. Lectus nulla at volutpat diam ut. Netus et malesuada fames ac turpis egestas integer eget.

Ut eu sem integer vitae justo eget. Sit amet consectetur adipiscing elit duis tristique. Faucibus et molestie ac feugiat sed. Porttitor rhoncus dolor purus non enim praesent. Vitae auctor eu augue ut lectus arcu. Sem viverra aliquet eget sit amet. In cursus turpis massa tincidunt dui ut ornare lectus. Non enim praesent elementum facilisis leo. Vitae congue eu consequat ac felis donec et odio pellentesque. Ut enim blandit volutpat maecenas volutpat blandit aliquam etiam erat. Ligula ullamcorper malesuada proin libero nunc consequat. Donec massa sapien faucibus et molestie ac feugiat sed lectus. Massa id neque aliquam vestibulum. Vitae ultricies leo integer malesuada nunc vel.

Dui id ornare arcu odio ut sem nulla. Egestas purus viverra accumsan in nisl. Sagittis purus sit amet volutpat consequat. Purus faucibus ornare suspendisse sed nisi lacus sed viverra tellus. Massa ultricies mi quis hendrerit dolor magna eget est. Suscipit adipiscing bibendum est ultricies. In dictum non consectetur a erat. Quam viverra orci sagittis eu. Orci ac auctor augue mauris augue neque. Vestibulum rhoncus est pellentesque elit ullamcorper dignissim cras tincidunt. Commodo quis imperdiet massa tincidunt nunc pulvinar sapien et ligula. Eget nullam non nisi est sit. Dignissim enim sit amet venenatis urna cursus eget nunc. Sed blandit libero volutpat sed. Amet commodo nulla facilisi nullam vehicula ipsum a arcu cursus. Adipiscing vitae proin sagittis nisl rhoncus mattis.

Varius vel pharetra vel turpis nunc eget lorem dolor sed. Purus semper eget duis at. Feugiat pretium nibh ipsum consequat nisl. Volutpat sed cras ornare arcu dui vivamus. Sed euismod nisi porta lorem. Turpis tincidunt id aliquet risus feugiat in ante metus. Amet consectetur adipiscing elit duis tristique sollicitudin. Dolor sit amet consectetur adipiscing elit ut. Eget aliquet nibh praesent tristique magna. Dignissim enim sit amet venenatis urna cursus eget. Tristique nulla aliquet enim tortor. Ut ornare lectus sit amet est placerat in egestas. Amet cursus sit amet dictum sit amet justo donec.

Tristique nulla aliquet enim tortor at auctor urna nunc. Feugiat nisl pretium fusce id. Iaculis urna id volutpat lacus laoreet non. Sollicitudin tempor id eu nisl nunc mi ipsum faucibus. Pharetra et ultrices neque ornare aenean. Ut tristique et egestas quis ipsum suspendisse ultrices gravida dictum. Risus commodo viverra maecenas accumsan lacus vel facilisis volutpat est. Diam volutpat commodo sed egestas egestas fringilla phasellus faucibus. Neque ornare aenean euismod elementum nisi quis eleifend quam adipiscing. Dui id ornare arcu odio ut sem nulla pharetra diam."
TestTitanic	Båd	Redningsvest	"Lorem ipsum dolor sit amet, consectetur adipiscing elit, sed do eiusmod tempor incididunt ut labore et dolore magna aliqua. Pellentesque nec nam aliquam sem et. Maecenas pharetra convallis posuere morbi leo. Libero justo laoreet sit amet cursus sit amet dictum sit. Sed vulputate mi sit amet mauris commodo quis imperdiet massa. Volutpat ac tincidunt vitae semper quis. In hac habitasse platea dictumst. Curabitur gravida arcu ac tortor dignissim convallis aenean et. Ut tristique et egestas quis. Aliquam sem et tortor consequat. Vitae turpis massa sed elementum tempus egestas sed. Eu non diam phasellus vestibulum lorem sed risus. Donec massa sapien faucibus et molestie ac feugiat sed lectus. Elementum integer enim neque volutpat ac tincidunt vitae semper quis. A diam maecenas sed enim ut sem viverra aliquet eget. Eget nunc lobortis mattis aliquam. Neque viverra justo nec ultrices.

Elementum curabitur vitae nunc sed velit dignissim sodales ut. Ut lectus arcu bibendum at varius vel. Mauris commodo quis imperdiet massa tincidunt. Non diam phasellus vestibulum lorem. Morbi tincidunt augue interdum velit euismod in. Ac feugiat sed lectus vestibulum mattis ullamcorper velit sed ullamcorper. Gravida rutrum quisque non tellus orci ac. Fames ac turpis egestas integer eget aliquet nibh. Tortor id aliquet lectus proin nibh nisl condimentum. Id diam vel quam elementum pulvinar etiam non quam lacus. Sit amet nisl suscipit adipiscing bibendum. Consequat id porta nibh venenatis cras sed. Massa tincidunt nunc pulvinar sapien et ligula ullamcorper malesuada. Ultrices tincidunt arcu non sodales neque sodales ut etiam sit. Amet purus gravida quis blandit turpis cursus in hac habitasse. Aenean et tortor at risus. Leo urna molestie at elementum eu facilisis sed. Augue interdum velit euismod in.

Morbi tristique senectus et netus et malesuada fames. Massa tincidunt dui ut ornare lectus sit. Et malesuada fames ac turpis egestas sed. Neque egestas congue quisque egestas diam in arcu. Id faucibus nisl tincidunt eget nullam non nisi. Gravida neque convallis a cras semper. Nullam non nisi est sit amet facilisis magna etiam tempor. Viverra maecenas accumsan lacus vel. Enim praesent elementum facilisis leo vel fringilla est ullamcorper eget. Eros in cursus turpis massa tincidunt dui. Sed cras ornare arcu dui vivamus arcu felis bibendum ut. In vitae turpis massa sed elementum tempus egestas. Interdum velit laoreet id donec ultrices tincidunt arcu. Mauris pharetra et ultrices neque ornare aenean euismod elementum nisi.

Egestas maecenas pharetra convallis posuere. Malesuada nunc vel risus commodo viverra. Vitae elementum curabitur vitae nunc sed velit dignissim. Tellus orci ac auctor augue mauris augue. Tristique senectus et netus et. Quam elementum pulvinar etiam non quam. Tristique sollicitudin nibh sit amet commodo. Tellus molestie nunc non blandit massa enim. Amet massa vitae tortor condimentum lacinia quis vel. Porttitor leo a diam sollicitudin tempor id eu nisl. Pulvinar sapien et ligula ullamcorper malesuada proin libero. Sapien nec sagittis aliquam malesuada bibendum arcu.

Nam at lectus urna duis convallis convallis. Integer vitae justo eget magna fermentum iaculis eu. Massa tincidunt nunc pulvinar sapien et ligula ullamcorper malesuada proin. Faucibus in ornare quam viverra orci sagittis eu volutpat odio. Rutrum tellus pellentesque eu tincidunt tortor aliquam nulla facilisi. Enim sed faucibus turpis in eu. Tempus urna et pharetra pharetra massa massa ultricies mi quis. Malesuada nunc vel risus commodo viverra. Felis imperdiet proin fermentum leo vel orci porta non. Tortor vitae purus faucibus ornare suspendisse sed nisi lacus sed. Congue quisque egestas diam in arcu cursus euismod quis. Sed blandit libero volutpat sed cras ornare arcu. In hendrerit gravida rutrum quisque non tellus. Neque volutpat ac tincidunt vitae semper quis lectus nulla at. Etiam tempor orci eu lobortis elementum nibh tellus. Et sollicitudin ac orci phasellus. Turpis egestas sed tempus urna et pharetra pharetra massa.

At ultrices mi tempus imperdiet nulla malesuada pellentesque. Id neque aliquam vestibulum morbi blandit cursus. Ipsum consequat nisl vel pretium lectus. Enim ut sem viverra aliquet. Cursus metus aliquam eleifend mi in nulla posuere sollicitudin aliquam. Metus aliquam eleifend mi in nulla posuere sollicitudin aliquam ultrices. Erat nam at lectus urna duis convallis convallis tellus id. Morbi tristique senectus et netus et malesuada. Ac turpis egestas maecenas pharetra convallis posuere morbi leo. Vel elit scelerisque mauris pellentesque pulvinar pellentesque. Nec dui nunc mattis enim ut tellus elementum sagittis. Tortor pretium viverra suspendisse potenti nullam ac tortor. Quam adipiscing vitae proin sagittis nisl rhoncus mattis rhoncus. Eu non diam phasellus vestibulum lorem sed risus. Etiam dignissim diam quis enim lobortis. Massa enim nec dui nunc. Ut diam quam nulla porttitor massa id neque aliquam. In nibh mauris cursus mattis molestie a. Tristique risus nec feugiat in fermentum posuere urna nec tincidunt. Tincidunt eget nullam non nisi est sit amet facilisis.

Odio facilisis mauris sit amet massa. Posuere sollicitudin aliquam ultrices sagittis orci a. Sagittis aliquam malesuada bibendum arcu. Libero enim sed faucibus turpis. Mauris a diam maecenas sed enim. Condimentum id venenatis a condimentum vitae. Sed adipiscing diam donec adipiscing tristique risus. Vitae auctor eu augue ut lectus arcu. Eu facilisis sed odio morbi quis commodo odio aenean sed. At urna condimentum mattis pellentesque id. Molestie ac feugiat sed lectus. Egestas tellus rutrum tellus pellentesque eu tincidunt tortor aliquam nulla. Mauris vitae ultricies leo integer malesuada nunc vel risus commodo. Ultrices mi tempus imperdiet nulla malesuada pellentesque elit eget. Sit amet consectetur adipiscing elit ut. Et netus et malesuada fames ac turpis. Senectus et netus et malesuada. Faucibus pulvinar elementum integer enim neque.

Pulvinar mattis nunc sed blandit libero. Turpis nunc eget lorem dolor sed viverra ipsum nunc. Id consectetur purus ut faucibus pulvinar elementum. Commodo elit at imperdiet dui accumsan sit. Arcu non sodales neque sodales ut. Ac odio tempor orci dapibus ultrices in iaculis nunc. Eget magna fermentum iaculis eu non diam phasellus vestibulum. Et leo duis ut diam quam nulla. Malesuada fames ac turpis egestas integer eget aliquet. Morbi tristique senectus et netus et malesuada. Nibh praesent tristique magna sit amet purus gravida quis. Ut diam quam nulla porttitor massa. Sollicitudin tempor id eu nisl nunc mi ipsum faucibus vitae.

Tortor posuere ac ut consequat semper. Cras adipiscing enim eu turpis egestas pretium aenean pharetra magna. Quis vel eros donec ac odio tempor orci dapibus. Leo vel fringilla est ullamcorper eget nulla facilisi etiam dignissim. Accumsan sit amet nulla facilisi. Consectetur a erat nam at lectus urna. Adipiscing elit duis tristique sollicitudin nibh sit amet commodo nulla. Ornare suspendisse sed nisi lacus sed. Neque egestas congue quisque egestas diam. Justo nec ultrices dui sapien eget mi proin. Mattis pellentesque id nibh tortor id aliquet lectus proin. Porta lorem mollis aliquam ut porttitor. Quis risus sed vulputate odio ut enim blandit volutpat maecenas. Nunc sed id semper risus in hendrerit gravida rutrum quisque. Id donec ultrices tincidunt arcu non. At quis risus sed vulputate odio ut enim blandit volutpat. Tincidunt lobortis feugiat vivamus at augue eget arcu. Pellentesque habitant morbi tristique senectus et netus et. Nisl pretium fusce id velit ut tortor pretium viverra.

In egestas erat imperdiet sed euismod nisi porta lorem. Eget mi proin sed libero enim sed. At risus viverra adipiscing at in tellus integer feugiat scelerisque. Placerat orci nulla pellentesque dignissim enim sit amet venenatis. Nulla facilisi cras fermentum odio eu feugiat pretium nibh ipsum. Rhoncus aenean vel elit scelerisque. Proin nibh nisl condimentum id. In ornare quam viverra orci sagittis eu volutpat odio facilisis. Massa enim nec dui nunc mattis. Mattis molestie a iaculis at erat. Mauris commodo quis imperdiet massa. Sed risus ultricies tristique nulla aliquet enim."
