FileName	OriginalHyperLink	NewHyperLink	CoincidencePrefix
Adgangskode til bilgalleriet.aspx	"href=""http://www.bilgalleri.dk/"""		
Adgangskode til bilgalleriet.aspx	"href=""http://www.motorcykelgalleri.dk/"""		
Administratorer for SKCM.aspx	"href=""/Skade/hb/GenerelSkadepolitik/Sider/Rettelse-af-kontonumre-(SKCM).aspx"""		
Administratorer i Autotaks.aspx	"href=""http://www.trextranet.dk/"""		
Adresser og mail på politikredse.aspx	"href=""/Skade/hb/bil/SiteAssets/SitePages/Adresser%20og%20mail%20på%20politikredse/Liste%20over%20politikredse.docx"""		
Afmelding af køretøjer.aspx	"href=""/Skade/hb/bil/Delte%20dokumenter/Svar%20fra%20Skat.pdf"""		
Afmelding og blokering.aspx	"href=""/Skade/hb/bil/Delte%20dokumenter/Fra%20Taksatorringen%20om%20afmelding%20og%20blokering.pdf"""		
Afsavn og Erstatningsbil til modparter.aspx	"href=""/Skade/hb/bil/SiteAssets/SitePages/Udregning%20af%20lejebil/Beregning%20af%20lejebil.xlsx"""		
Afsavn og Erstatningsbil til modparter.aspx	"href=""/Skade/hb/bil/Delte%20dokumenter/HER.docx"""		
Afsavn og Erstatningsbil til modparter.aspx	"href=""/Skade/hb/bil/SitePages/Afsavnsaftale%20mellem%20Forsikring%20og%20Pension%20og%20Dansk%20Taxi%20Råd.aspx"""		
Afsavn og Erstatningsbil til modparter.aspx	"href=""/Skade/hb/bil/SitePages/Afsavnsaftale%20med%20politiet.aspx"""		
Afsavn og Erstatningsbil til modparter.aspx	"href=""/Skade/hb/bil/SitePages/Afsavnsaftale%20DTL%20og%20ITD.aspx"""		
Afsavn og Erstatningsbil til modparter.aspx	"href=""/Skade/hb/bil/SitePages/Afsavnsaftale%20for%20busser%20Danske%20Busvognmænd.aspx"""		
Afsavn og Erstatningsbil til modparter.aspx	"href=""/Skade/hb/bil/SitePages/Afsavnsaftale%20for%20udlejningskøretøjer%20med%20Danske%20biludlejere.aspx"""		
Afsavn og Erstatningsbil til modparter.aspx	"href=""/Skade/hb/bil/SitePages/Afsavnsaftale%20Danske%20kørelæreres%20Landsforbund.aspx"""		
Afsavn og Erstatningsbil til modparter.aspx	"href=""/Skade/hb/bil/SitePages/Afsavnsaftale%20med%20DSB%20og%20Banestyrelsen.aspx"""		
Ansvarsplacering mellem LB og udenlandsk modpart-selskab.aspx	"href=""http://www.cobx.org/Content/Default.asp"""		
Ansvarsplacering mellem LB og udenlandsk modpart-selskab.aspx	"href=""http://www.dfim.dk/"""		
Ansvarsplacering mellem LB og udenlandsk modpart-selskab.aspx	"href=""/Skade/hb/bil/Delte%20dokumenter/side1.jpg"""		
Ansvarsplacering mellem LB og udenlandsk modpart-selskab.aspx	"href=""/Skade/hb/bil/Delte%20dokumenter/side2.jpg"""		
Ansvarsplacering mellem LB og udenlandsk modpart-selskab.aspx	"href=""/Skade/hb/bil/Delte%20dokumenter/side3.jpg"""		
Ansvarsplacering mellem LB og udenlandsk modpart-selskab.aspx	"href=""/Skade/hb/bil/Delte%20dokumenter/side4.jpg"""		
Ansvarsplacering mellem LB og udenlandsk modpart-selskab.aspx	"href=""/Skade/hb/bil/Delte%20dokumenter/Vendinger.pdf"""		
Ansvarsplacering mellem LB og udenlandsk modpart-selskab.aspx	"href=""/Skade/hb/bil/Delte%20dokumenter/forsikringsglosar.pdf"""		
Benzin, diesel og øvrigt brændstof.aspx	"href=""/Skade/hb/bil/Delte%20dokumenter/10.521.pdf"""		
Beskrivelse af Østkontoret.aspx	"href=""http://www.eastoffice.dk/"""		
Beskrivelse af Østkontoret.aspx	"href=""/Skade/hb/bil/SiteAssets/SitePages/Beskrivelse%20af%20østkontoret/Brugervejledning-eastoffice2.pdf"""		
Beskrivelse af Østkontoret.aspx	"href=""/Skade/hb/bil/SitePages/Dagens%20sager%20fra%20Østkontoret.aspx"""		
BilBrand.aspx	"href=""/Skade/hb/bil/SiteAssets/SitePages/Børns%20ansvar/skema%20børns%20ansvar%2006.09.2017.docx"""		
BilBrand.aspx	"href=""/Skade/hb/bil/SiteAssets/SitePages/Børns%20ansvar/Skema%20forældrehæftelse%20i%20forhold%20til%20adresse.docx"""		
BilBrand.aspx	"href=""/Skade/hb/bil/SiteAssets/SitePages/Børns%20ansvar/Krav%20mod%20medlemmernes%20egne%20børn.docx"""		
BilBrand.aspx	"href=""/Skade/hb/bil/SitePages/Forældrehæftelse.aspx"""		
BilBroBizz.aspx	"href=""/Skade/hb/bil/SiteAssets/SitePages/Børns%20ansvar/skema%20børns%20ansvar%2006.09.2017.docx"""		
BilBroBizz.aspx	"href=""/Skade/hb/bil/SiteAssets/SitePages/Børns%20ansvar/Skema%20forældrehæftelse%20i%20forhold%20til%20adresse.docx"""		
BilBroBizz.aspx	"href=""/Skade/hb/bil/SiteAssets/SitePages/Børns%20ansvar/Krav%20mod%20medlemmernes%20egne%20børn.docx"""		
BilBroBizz.aspx	"href=""/Skade/hb/bil/SitePages/Forældrehæftelse.aspx"""		
BilBørnebiler.aspx	"href=""/Skade/hb/bil/SiteAssets/SitePages/Børns%20ansvar/skema%20børns%20ansvar%2006.09.2017.docx"""		
BilBørnebiler.aspx	"href=""/Skade/hb/bil/SiteAssets/SitePages/Børns%20ansvar/Skema%20forældrehæftelse%20i%20forhold%20til%20adresse.docx"""		
BilBørnebiler.aspx	"href=""/Skade/hb/bil/SiteAssets/SitePages/Børns%20ansvar/Krav%20mod%20medlemmernes%20egne%20børn.docx"""		
BilBørnebiler.aspx	"href=""/Skade/hb/bil/SitePages/Forældrehæftelse.aspx"""		
Børns ansvar.aspx	"href=""/Skade/hb/bil/SiteAssets/SitePages/Børns%20ansvar/skema%20børns%20ansvar%2006.09.2017.docx"""		
Børns ansvar.aspx	"href=""/Skade/hb/bil/SiteAssets/SitePages/Børns%20ansvar/Skema%20forældrehæftelse%20i%20forhold%20til%20adresse.docx"""		
Børns ansvar.aspx	"href=""/Skade/hb/bil/SiteAssets/SitePages/Børns%20ansvar/Krav%20mod%20medlemmernes%20egne%20børn.docx"""		
Børns ansvar.aspx	"href=""/Skade/hb/bil/SitePages/Forældrehæftelse.aspx"""		
Campingvogn og fortelte.aspx	"href=""/Skade/hb/bil/SiteAssets/SitePages/Campingvogn%20og%20fortelte/skema%20med%20dækninger.docx"""		
Campingvogn og fortelte.aspx	"href=""/Skade/hb/RejseNY/SitePages/1.%20Forsikringen%20dækker%20-%20Hvilke%20boliger%20anses%20som%20feriebolig.aspx"""		
Den gode start Bilskade.aspx	"href=""/Skade/hb/GenerelSkadepolitik/Sider/StatistikkoderSkadearter.aspx"""		
Den gode start Bilskade.aspx	"href=""/Skade/hb/GenerelSkadepolitik/Sider/Reserve.aspx"""		
Den gode start Bilskade.aspx	"href=""/Skade/SiteAssets/Lists/DGSBIL/EditForm/Forkortelser.docx"""		
Den gode start Bilskade.aspx	"href=""/Skade/Lists/DGSBIL/Attachments/11/Kopianmeldelse.docx"""		
DFIM og afmelding af køretøjer.aspx	"href=""https://dfim.dk/dansk/dfim/uheld-i-Danmark/Sider/default.aspx"""		
DFIM og afmelding af køretøjer.aspx	"href=""/Skade/hb/bil/SitePages/Uforsikrede%20køretøjer%20(aftale%20med%20DFIM)%20og%20ukendte%20skadevoldere.aspx"""		
Dæk og fælge.aspx	"href=""/Skade/hb/bil/SitePages/Biltilbehør%20hvor%20medlemmet%20ikke%20længere%20ejer%20bilen.aspx"""		
Dækning af 17-årige, der fører bil.aspx	"href=""/Skade/hb/bil/SitePages/Selvrisiko%20ved%20fører%20under%2025%20år.aspx"""		
Ekstra Førererstatning.aspx	"href=""/Sider/vilkaar.aspx"""		
Elektronisk faktura.aspx	"href=""/Skade/hb/bil/SiteAssets/SitePages/Elektronisk%20faktura/Sådan%20sendes%20en%20faktura%20eller%20kreditnota%20direkte%20til%20en%20myndighed%20eller%20offentlig%20institution.docx"""		
Én skade én selvrisiko.aspx	"href=""/Skade/hb/bil/SiteAssets/SitePages/Én%20skade%20én%20selvrisiko/Selvrisikoberegner.xlsx"""		
Erstatning for dyr.aspx	"href=""/Skade/hb/hund/SitePages/Dyrlægekonsulent%20Søren%20Karstensen.aspx"""		
Erstatningsudbetaling.aspx	"href=""/Skade/hb/bil/SitePages/Erstatningsudbetaling%20ved%20mere%20end%20en%20ejer.aspx"""		
Falckaftale om presenning, når medlem kun har ansvar.aspx	"href=""/Skade/hb/bil/Delte%20dokumenter/falckaftale%20vdr.%20presening.pdf"""		
Falcks Redningskorps Afsavnserklæring.aspx	"href=""/Skade/hb/bil/Delte%20dokumenter/Falcks%20Redningskorps%20Afsavnserklæring.docx"""		
Fast-track sager 1250.aspx	"href=""/Skade/hb/bil/SiteAssets/SitePages/Fast-track%20sager%201250/Fast-track.docx"""		
Fl §101 stk 1 fandt ikke anvendelse -Dækningstilsagn trukket tilbage.aspx	"href=""/Skade/hb/bil/SiteAssets/SitePages/Dækningstilsagn%20trukket%20tilbage/FL%20§%20101%20-%20tilstedeværelse%20indebærer%20ikke%20obj.ansvar%20hvis%20ej%20forvoldt%20uheldet.pdf"""		
Flyvende trampoliner - kasko.aspx	"href=""/Skade/hb/bil/SitePages/Flyvende%20trampoliner.aspx"""		
Flyvende trampoliner.aspx	"href=""http://www.forsikringsvejret.dk/"""		
Flyvende trampoliner.aspx	"href=""/Skade/hb/bil/SiteAssets/SitePages/Flyvende%20trampoliner/Nedstyrtende%20genstande.docx"""		
Forbehold for reparation.aspx	"href=""/Skade/hb/bil/Delte%20dokumenter/Retningslinjer%20for%20forsikringsselskaber%20og%20autoværksteder%20ved%20forsikringsskader%20på%20biler.pdf"""		
Forholdsmæssig beregning ved regresregel F-situationer.aspx	"href=""/Skade/hb/bil/SiteAssets/SitePages/Beregning%20af%20forholdsmæssig/Beregning%20Fordeling.xlsx"""		
Forretningsgang kombiskader.aspx	"href=""/Skade/hb/bil/SiteAssets/SitePages/Forretningsgang%20kombiskader/Selvrisikoberegner.xlsx"""		
Forretningsgang LB og SOS vedr. kaskoskader.aspx	"href=""/Skade/hb/bil/Delte%20dokumenter/Aftale%20med%20SOS%20International%20pr.%201.1.2014.pdf"""		
Forretningsgang LB og SOS vedr. kaskoskader.aspx	"href=""/Skade/hb/bil/Delte%20dokumenter/Rødt%20kort%20information%206-13.docx"""		
Forretningsgang LB og SOS vedr. kaskoskader.aspx	"href=""/Skade/hb/bil/SiteAssets/SitePages/Forretningsgang%20LB%20og%20SOS%20vedr.%20kaskoskader/Rødt%20kort%20-%20ny%20aftale%20med%20SOS.docx"""		
Forretningsgang ml. Bilskade og Personskade.aspx	"href=""/Skade/hb/bil/SiteAssets/SitePages/Forretningsgang%20ml.%20Bilskade%20og%20Personskade/Bilskade%20Personskade.docx"""		
Fortolkning af regresaftalen.aspx	"href=""http://www.forsikringogpension.dk/Sider/forside.aspx"""		
BilForældelse.aspx	"href=""http://skat.dk/skat.aspx?oID=2085662&amp"	"chk=214955"""	
Fradrag af moms for skadelidtes indkøb til udbedring af skade.aspx	"href=""http://skat.dk/skat.aspx?oID=2085662&amp"	"chk=214955"""	
Fælles europæisk anmeldelse.aspx	"href=""/Skade/hb/bil/Delte%20dokumenter/anmeldelse.pdf"""		
Fører og passagerulykke.aspx	"href=""/Sider/vilkaar.aspx"""		
Gerningskoder i politirapporter.aspx	"href=""/Skade/hb/bil/Delte%20dokumenter/gerningskode%20politrapport.doc"""		
Glaslister.aspx	"href=""/Skade/hb/bil/SitePages/Moms.aspx"""		
BilGlasskader.aspx	"href=""/Skade/hb/bil/SiteAssets/SitePages/GoMore%20MinBilDinBil%20og%20lignende/privat-biludlejning-gomore.pdf"""		
GoMore MinBilDinBil og lignende.aspx	"href=""/Skade/hb/bil/SiteAssets/SitePages/GoMore%20MinBilDinBil%20og%20lignende/privat-biludlejning-gomore.pdf"""		
Grov uagtsomhed ctr. klapfejl.aspx	"href=""/Skade/hb/bil/SitePages/Grov%20uagtsomhed%20-%20generelt.aspx"""		
Grønt kort bureauer.aspx	"href=""http://www.cobx.org/"""		
Grønt kort bureauer.aspx	"href=""http://www.insurers-al.org/"""		
Grønt kort bureauer.aspx	"href=""http://www.bureauautomobils.ad/"""		
Grønt kort bureauer.aspx	"href=""http://www.bbaa-bbav.be/"""		
Grønt kort bureauer.aspx	"href=""http://www.bzkbih.ba/"""		
Grønt kort bureauer.aspx	"href=""http://www.nbbaz.bg/"""		
Grønt kort bureauer.aspx	"href=""http://www.mif.org.cy/"""		
Grønt kort bureauer.aspx	"href=""http://www.dfim.dk/"""		
Grønt kort bureauer.aspx	"href=""http://www.lkf.ee/"""		
Grønt kort bureauer.aspx	"href=""http://www.lvk.fi/"""		
Grønt kort bureauer.aspx	"href=""http://www.bcf.asso.fr/"""		
Grønt kort bureauer.aspx	"href=""http://www.mib-hellas.gr/"""		
Grønt kort bureauer.aspx	"href=""http://www.nlbureau.nl/"""		
Grønt kort bureauer.aspx	"href=""http://www.nlbureau.nl/"""		
Grønt kort bureauer.aspx	"href=""http://www.centinsur.ir/"""		
Grønt kort bureauer.aspx	"href=""http://www.mibi.ie/"""		
Grønt kort bureauer.aspx	"href=""http://www.abi.is/"""		
Grønt kort bureauer.aspx	"href=""http://www.igudbit.org.il/eng"""		
Grønt kort bureauer.aspx	"href=""http://www.ucimi.it/"""		
Grønt kort bureauer.aspx	"href=""http://www.huo.hr/"""		
Grønt kort bureauer.aspx	"href=""http://www.ltab.lv/"""		
Grønt kort bureauer.aspx	"href=""http://www.cab.lt/"""		
Grønt kort bureauer.aspx	"href=""http://www.bureau-luxembourgeois.lu/"""		
Grønt kort bureauer.aspx	"href=""http://www.nibm.com.mk/"""		
Grønt kort bureauer.aspx	"href=""http://www.maltainsurance.org/pages/miaPBInfo.asp"""		
Grønt kort bureauer.aspx	"href=""http://www.bcma.org.ma/"""		
Grønt kort bureauer.aspx	"href=""http://www.bnaa.md/"""		
Grønt kort bureauer.aspx	"href=""http://www.nbocg.me/"""		
Grønt kort bureauer.aspx	"href=""http://www.tff.no/"""		
Grønt kort bureauer.aspx	"href=""http://www.pbuk.pl/"""		
Grønt kort bureauer.aspx	"href=""http://www.apseguradores.pt/GPCV"""		
Grønt kort bureauer.aspx	"href=""http://www.baar.ro/"""		
Grønt kort bureauer.aspx	"href=""http://www.autoins.ru/"""		
Grønt kort bureauer.aspx	"href=""http://www.nbingf.ch/"""		
Grønt kort bureauer.aspx	"href=""http://www.uos.rs/home-2"""		
Grønt kort bureauer.aspx	"href=""http://www.skp.sk/"""		
Grønt kort bureauer.aspx	"href=""http://www.zav-zdruzenje.si/"""		
Grønt kort bureauer.aspx	"href=""http://www.ofesauto.es/"""		
Grønt kort bureauer.aspx	"href=""http://www.mib.org.uk/"""		
Grønt kort bureauer.aspx	"href=""http://www.tff.se/"""		
Grønt kort bureauer.aspx	"href=""http://www.ckp.cz/"""		
Grønt kort bureauer.aspx	"href=""http://www.tmtb.org.tr/"""		
Grønt kort bureauer.aspx	"href=""http://www.gruene-karte.de/"""		
Grønt kort bureauer.aspx	"href=""http://www.mtibu.com.ua/"""		
Grønt kort bureauer.aspx	"href=""http://www.mabisz.hu/"""		
Grønt kort bureauer.aspx	"href=""http://www.vvo.at/"""		
Handicapbiler.aspx	"href=""/policehaandbog/bg1/Sider/Bg1_bil_antagelsesregler_handicapbiler.aspx"""		
Hjemtransport Europa.aspx	"href=""/Sider/vilkaar.aspx"""		
BilHvad dækker forsikringen.aspx	"href=""/Sider/vilkaar.aspx"""		
Hvad gælder for forsikringen.aspx	"href=""/Sider/vilkaar.aspx"""		
Identifikation med ny husaftale.aspx	"href=""/Skade/hb/bil/Delte%20dokumenter/Identifikation%20-%20skema%20med%20tegning%20%20med%20ny%20husaftale.docx"""		
Indberetning til reassurance ved skader over 1 million kroner.aspx	"href=""/Skade/hb/GenerelSkadepolitik/Sider/Reserveindberetning.aspx"""		
Indhentning af skadevolders regnr. på modpart kontra CRM.aspx	"href=""/Skade/hb/bil/Delte%20dokumenter/crm.xps"""		
Instruks angående LB Europadælning Falck.aspx	"href=""/Skade/hb/bil/SiteAssets/SitePages/Instruks%20angående%20LB%20Europadælning%20Falck/Falck%20instruks%202014.pptx"""		
Kaskoskader forvoldt af medlems egne børn under 18 år uden kørekort.aspx	"href=""/Skade/hb/bil/SitePages/Børns%20ansvar.aspx"""		
Kbhs Byrets dom 8.2.17 Fald i kørestol fra lift.aspx	"href=""/Skade/hb/bil/SiteAssets/SitePages/Kbhs%20Byrets%20dom%208.2.17%20Fald%20i%20kørestol%20fra%20lift/HER.pdf"""		
Kontaktoplysninger, kontonr. mv på forsikringsselskaber.aspx	"href=""/Skade/hb/bil/Delte%20dokumenter/Kopi%20af%20Selskabernes%20email%20telefonnr%20autoafd%20kontonr%20%2020160915.xlsx"""		
Kontonumre, mailadresser på LBs selskaber.aspx	"href=""/Skade/hb/GenerelSkadepolitik/Sider/Konto-,-momsnumre-etc-i-LB-Forsikring.aspx"""		
Krav fra Vejdirektoratet.aspx	"href=""/Skade/hb/bil/SiteAssets/SitePages/Krav%20fra%20Vejdirektoratet/Aftale%20med%20Vejdirektratet%20-%20ny%20aftale%20pr.%201.%20januar%202018.docx"""		
Krav fra Vejdirektoratet.aspx	"href=""/Skade/hb/bil/SitePages/Oprydningskrav.aspx"""		
Kromann Reumert om værdiforringelse.aspx	"href=""/Skade/hb/bil/Delte%20dokumenter/KROMANN%20REUMERT.htm"""		
Kulancesager.aspx	"href=""/Skade/hb/bil/Delte%20dokumenter/Forretningsgang%20for%20kulancesager%20på%20skadeområdet.pdf"""		
Kvalitetssystemet.aspx	"href=""/Skade/hb/bil/SiteAssets/SitePages/Kvalitetssystem%20og%20hvordan%20man%20besvarer%20spørgsmålene/Kvalitetssystem.docx"""		
Kørsel med isede og duggede ruder.aspx	"href=""/Skade/hb/bil/Delte%20dokumenter/U20172784-01_R_DEF_20170925%20Kørsel%20med%20isede%20og%20duggede%20ruder.pdf"""		
Leasingdækning.aspx	"href=""/Sider/vilkaar.aspx"""		
Leasingdækning.aspx	"href=""/Skade/hb/bil/Delte%20dokumenter/moms.pdf"""		
Leasingdækning.aspx	"href=""/Skade/hb/bil/Delte%20dokumenter/Almindelig%20kaskoskader%20ved%20leasing.pdf"""		
Leasingdækning.aspx	"href=""/Skade/hb/bil/Delte%20dokumenter/Dekl.%20ved%20alm.finansering%20ej%20dækningsberet.pdf"""		
Leasingdækning.aspx	"href=""/Skade/hb/bil/Delte%20dokumenter/Deklaration%20ved%20leasingl.pdf"""		
Leasingdækning.aspx	"href=""/Skade/hb/bil/Delte%20dokumenter/deklaration_F_bemærkninger.pdf"""		
Leasingdækning.aspx	"href=""/Skade/hb/bil/Delte%20dokumenter/Fdeklaration.pdf"""		
Links og litteratur.aspx	"href=""/Skade/hb/bil/Delte%20dokumenter/FogE.pdf"""		
Links og litteratur.aspx	"href=""http://www.forsikringogpension.dk/"""		
Links og litteratur.aspx	"href=""http://www.fed.dk/"""		
Links og litteratur.aspx	"href=""https://www.eastoffice.dk/"""		
Links og litteratur.aspx	"href=""http://www.daf.dk/"""		
Links og litteratur.aspx	"href=""http://www.bilbasen.dk/"""		
Links og litteratur.aspx	"href=""http://www.nummerplade.net/"""		
Links og litteratur.aspx	"href=""/Skade/hb/bil/Delte%20dokumenter/Værdiforrigelse.pdf"""		
Links og litteratur.aspx	"href=""/Skade/hb/bil/Delte%20dokumenter/ansvar%20ved%20sammenstød.pdf"""		
Links og litteratur.aspx	"href=""/Skade/hb/bil/Delte%20dokumenter/Bil%20udtryk.doc"""		
Mail adresser på forsikringsselskaber og andre samarbejdspartnere.aspx	"href=""/Skade/hb/bil/SiteAssets/SitePages/Mailadresser%20til%20brug%20i%20regres%20med%20erhverv%20ansvarskrav/Liste%20over%20forsikringsselskabers%20ansvarsafdelinger.docx"""		
Mailadresser til sikker post mellem selskaberne.aspx	"href=""/Skade/hb/bil/Delte%20dokumenter/Mail%20adresser%20til%20sikker%20post%20mellem%20selskaberne.pdf"""		
Manuel check.aspx	"href=""/Skade/hb/bil/SiteAssets/SitePages/Manuel%20check/Manuel%20check.docx"""		
Motorkøretøjsdirektiv 2009-103-EC.aspx	"href=""https://dfim.dk/dansk/dfim/motorkoeretoejsdirektiv/Sider/Skaderepr%c3%a6sentantens-rolle-.aspx"""		
Motorkøretøjsdirektiv 2009-103-EC.aspx	"href=""/Skade/hb/bil/Delte%20dokumenter/DFIM%20direktivsager.doc"""		
Motorkøretøjsdirektiv 2009-103-EC.aspx	"href=""/Skade/hb/bil/Delte%20dokumenter/specielle%20aftaler.pdf"""		
Motorløb og banekørsel.aspx	"href=""http://www.trackdayklubben.dk/"""		
Narkotika.aspx	"href=""/Skade/hb/bil/Delte%20dokumenter/THC.pdf"""		
Nedslidte dæk.aspx	"href=""/Skade/hb/bil/Delte%20dokumenter/dæk2017.pdf"""		
Nedsættelse af erstatningen EAL § 24A.aspx	"href=""/Skade/hb/bil/SitePages/Forældrehæftelse.aspx"""		
Ny forretningsgang i gerningsmandssager.aspx	"href=""/Skade/hb/bil/SiteAssets/SitePages/Ny%20forretningsgang%20i%20gerningsmandssager/HER.docx"""		
Når skadelidte og skadevolder er forsikret i LBs selskaber.aspx	"href=""/Skade/hb/bil/SitePages/Beløbsoverførsel%20mellem%20de%20forskellige%20selskaber%20i%20LB.aspx"""		
Opkrævning af halv selvrisiko.aspx	"href=""/Skade/hb/bil/SitePages/Selvrisiko%20ved%20fører%20under%2025%20år.aspx"""		
Oplysninger om ansvaret for veje.aspx	"href=""http://www.trafikken.dk/"""		
Oprettelse af en eller flere skader.aspx	"href=""/Skade/hb/bil/SitePages/Skadepolitik%20ved%20afslutning%20af%20sag.aspx"""		
Oprydningskrav.aspx	"href=""/Skade/hb/bil/SiteAssets/SitePages/Oprydningskrav/Landsrets%20dom%204.11.16.pdf"""		
Oprydningskrav.aspx	"href=""/Skade/hb/bil/SitePages/Krav%20fra%20Vejdirektoratet.aspx"""		
Oversigt over aktive statistikkoder branchegruppe 1.aspx	"href=""/Skade/hb/GenerelSkadepolitik/Sider/Statistikkoder.aspx"""		
Oversigt over selskaberne der er tiltrådt skadeforsikringsaftalerne opdatering pr. 7.7.2015.aspx	"href=""/Skade/hb/bil/SiteAssets/SitePages/Oversigt%20over%20selskaberne%20der%20er%20tiltrådt%20skadeforsikringsaftalerne%20opdatering%20pr.%207.7.2015/Oversigt%20over%20selskaber%20-%20revision%207.%20juli%202015.pdf"""		
Personfølsomme oplysninger og persondata.aspx	"href=""/Skade/hb/SitePages/Præcisering%20af%20personfølsomme%20oplysnniger.aspx"""		
Personfølsomme oplysninger og persondata.aspx	"href=""/Skade/hb/bil/SitePages/Behandling%20af%20personoplysninger.aspx"""		
Personhjælp ved trafikuheld.aspx	"href=""/Sider/vilkaar.aspx"""		
Redning i udlandet.aspx	"href=""/Sider/vilkaar.aspx"""		
BilRegistreringsattest.aspx	"href=""http://www.myldretid.dk/"""		
Registreringsnumre på busser.aspx	"href=""http://www.myldretid.dk/"""		
Regler for narkotika i trafikken.aspx	"href=""http://www.sikkertrafik.dk/Raad-og-viden/I-bil/Alkohol/Medicin-og-narkotika/Regler-for-narkotika-i-trafikken.aspx"""		
Regres foredrag af C.Grosen.aspx	"href=""/Skade/hb/bil/Delte%20dokumenter/Regres%20-%20Auto%20-%20fagmøde%20den%2020.%20juni%202012.pdf"""		
Regres, hvor forsikringen her hos os ikke er ikraft på skadestidspunktet.aspx	"href=""/Skade/hb/Bilskadehandbog/1/2/6/11/Sider/default.aspx"""		
Regressager selvrisiko.aspx	"href=""/Skade/hb/bil/SitePages/Forretningsgang%20kulance%20i%20Bilskade.aspx"""		
Rekvirering af politirapport.aspx	"href=""/Skade/hb/proces/Sider/Politikredseadresser.aspx"""		
Rekvirering af politirapport.aspx	"href=""https://www.politi.dk/da/servicemenu/soegkreds/"""		
Rekvirering af politirapport.aspx	"href=""/Skade/hb/Bilskadehandbog/Documents/gerningskode%20politrapport.doc"""		
Reparation af bilen.aspx	"href=""/Skade/hb/bil/SitePages/Glasskader.aspx"""		
Reparation af bilen.aspx	"href=""https://www.trextranet.dk/"""		
Reparation af bilen.aspx	"href=""/Skade/hb/bil/SitePages/Uoriginale%20reservedele%20og%20garantibestemmelser.aspx"""		
Reparation af bilen.aspx	"href=""/Skade/hb/bil/SitePages/Reparationsgrænser.aspx"""		
Reparationsgrænser.aspx	"href=""http://medlemsnet.forsikringogpension.dk/_layouts/medlemsnet.webparts/login.aspx?ReturnUrl=/DataCenter/_layouts/Authenticate.aspx?Source%3d%252Fdatacenter%252Fpdfbibliotek%252F330886%252Epdf&amp"	"Source=/datacenter/pdfbibliotek/330886.pdf"""	
Reserve på personskade.aspx	"href=""/Skade/hb/GenerelSkadepolitik/Sider/Reserve.aspx"""		
Retshjælp.aspx	"href=""/Sider/vilkaar.aspx"""		
Retshjælp.aspx	"href=""/Skade/hb/retshj/SitePages/Forside.aspx"""		
Retspraksis og anden praksis.aspx	"href=""/Skade/hb/bil/Delte%20dokumenter/Den%20franske%20lov%20af%205.7.1985%20om%20trafikskade-erstatning.pdf"""		
Retspraksis og anden praksis.aspx	"href=""/Skade/hb/bil/SiteAssets/SitePages/Retspraksis%20og%20anden%20praksis/2014%20SPANISH%20OFFICIAL%20INJURY%20SCALE.pdf"""		
Rudeskift til original eller uoriginal.aspx	"href=""/Skade/hb/bil/SiteAssets/SitePages/Rudeskift%20til%20original%20eller%20uoriginal/Rudeskift%20til%20original%20eller%20uorginal.pdf"""		
Rødt lys.aspx	"href=""/Skade/hb/bil/SiteAssets/SitePages/Rødt%20lys/OverForRødt_Kontra_Venstresving_Byret.doc"""		
Se synsrapport, kilometertal og restgæld.aspx	"href=""http://www.nummerplade.net/"""		
Segways.aspx	"href=""/Skade/hb/bil/Delte%20dokumenter/Skade%20info%2046-15%20om%20Segways.pdf"""		
Selvrisiko ved fører under 25 år.aspx	"href=""/Skade/hb/bil/SitePages/Opkrævning%20af%20halv%20selvrisiko.aspx"""		
Sende breve pr. mail.aspx	"href=""/Skade/hb/bil/SiteAssets/SitePages/Sende%20breve%20pr.%20mail/Guide%20til%20at%20sende%20CPUtext%20brev%20via%20email.pdf"""		
Skade forvoldt af defekt lejet trailer.aspx	"href=""/Skade/hb/Bilskadehandbog/1/3/1/14/Documents/Dom%20afsagt%20af%20retten%20på%20Frederiksberg%20af%203.%20maj%202012.pdf"""		
Skade forvoldt af defekte produkter.aspx	"href=""/Skade/hb/Bilskadehandbog/1/3/1/45/Documents/FED%202000.2750%20ØLD.pdf"""		
Skade forvoldt af nedfaldne træer.aspx	"href=""/Skade/hb/Bilskadehandbog/1/3/1/87/Documents/U2001.1374%20VLD.pdf"""		
Skade forvoldt i vaskehaller.aspx	"href=""/Skade/hb/Bilskadehandbog/1/3/1/35/Documents/FED%202000.2474%20VLD.pdf"""		
Skade på træer.aspx	"href=""/Skade/hb/bil/SiteAssets/SitePages/Skade%20på%20træer/skade%20på%20træer.pdf"""		
Skade sket på grund af fejl,defekt ved bussluseanlæg.aspx	"href=""/Skade/hb/Bilskadehandbog/1/3/1/45/Sider/default.aspx"""		
Skade sket på grund af fejl,defekt ved bussluseanlæg.aspx	"href=""/Skade/hb/Bilskadehandbog/1/3/1/9/Documents/Dom%20afsagt%20af%20Københavns%20Byret%20af%209.%20december%202011.pdf"""		
Skadekonsulentsager Svindelsager.aspx	"href=""/Skade/hb/bil/SitePages/Tyveri%20af%20autocamper%20Landsretsdom.aspx"""		
Skader forvoldt af dyr.aspx	"href=""/Skade/hb/bil/SitePages/Skader%20forvoldt%20af%20hunde.aspx"""		
Skader forvoldt af dyr.aspx	"href=""/Skade/hb/bil/SitePages/Sammenstød%20med%20heste%20og%20andre%20dyr.aspx"""		
Skader sket i værkstedets varetægt efter 20.4.2018.aspx	"href=""/Skade/hb/bil/SiteAssets/SitePages/Skader%20sket%20i%20værkstedets%20varetægt%20efter%2020.4.2018/Dobbeltforsikringsberegner%20(bilskade).xlsx"""		
Skader sket i værkstedets varetægt efter 20.4.2018.aspx	"href=""/Skade/hb/bil/SitePages/Tyveri%20af%20biler%20fra%20værksted.aspx"""		
Skader sket i værkstedets varetægt efter 20.4.2018.aspx	"href=""/Skade/hb/bil/SitePages/Skader%20forvoldt%20af%20Falck,%20andre%20vejhjælps%20og%20bugseringsfirmaer.aspx"""		
Skyldfordeling.aspx	"href=""/Skade/hb/bil/SiteAssets/SitePages/Skyldfordeling/Dom%20(fordeling%20-%20tingskade)_Redacted.pdf"""		
Skyldfordeling.aspx	"href=""/Skade/hb/bil/Delte%20dokumenter/dom%2010.7.13.pdf"""		
Skyldfordeling.aspx	"href=""/Skade/hb/bil/Delte%20dokumenter/udskrift%2010.6.13.pdf"""		
Spirituskørsel.aspx	"href=""/Skade/hb/bil/SitePages/Afvisninger%20på%20kasko%20-%20dækningsskema.aspx"""		
Spirituskørsel.aspx	"href=""/Skade/hb/bil/SiteAssets/SitePages/Spirituskørsel/U20180429-02_R_DEF_20180111.pdf"""		
Stenslagsaftalen.aspx	"href=""/Skade/hb/bil/SitePages/Glasskader.aspx"""		
Stenslagsaftalen.aspx	"href=""/Skade/hb/bil/SitePages/Selvrisiko%20når%20ansvar%20bortfalder%20jf.%20EAL%20§%2019.aspx"""		
Stenslagsaftalen.aspx	"href=""/Skade/hb/bil/SitePages/Glasskader.aspx"""		
Søgning på Autotaks systemet.aspx	"href=""http://www.at-system.dk/autotaks/autologin"""		
Søgning på Autotaks systemet.aspx	"href=""/Skade/Dokumenter/Forms/AllItems.aspx?RootFolder=/Skade/Dokumenter/Bil/Forsi%20koder%20%28Autotaks%29%20%2B%20gen%C3%A5bning%20af%20Forsi.%20MAPPE%20M%C3%85%20IKKE%20SLETTES&amp"	InitialTabId=Ribbon.Document&amp	"VisibilityContext=WSSTabPersistence"""
Søgning på registreringsnumre ud fra brudstykker.aspx	"href=""http://nrpla.de/"""		
Søgning på registreringsnumre ud fra brudstykker.aspx	"href=""/Skade/hb/bil/SiteAssets/SitePages/Søgning%20på%20registreringsnumre%20ud%20fra%20brudstykker/Søgning%20af%20nrplade.png"""		
Søgning på udenlandske registreringsnumre og nummerplader.aspx	"href=""http://www.fcga-gmwf.be/"""		
Søgning på udenlandske registreringsnumre og nummerplader.aspx	"href=""http://www.bzkbih.ba/en/stream.php?kat=101"""		
Søgning på udenlandske registreringsnumre og nummerplader.aspx	"href=""http://www.midis.org.uk/"""		
Søgning på udenlandske registreringsnumre og nummerplader.aspx	"href=""http://www.lkf.ee/"""		
Søgning på udenlandske registreringsnumre og nummerplader.aspx	"href=""http://www.mibi.ie/"""		
Søgning på udenlandske registreringsnumre og nummerplader.aspx	"href=""http://www.huo.hr/eng/index.php"""		
Søgning på udenlandske registreringsnumre og nummerplader.aspx	"href=""http://www.sb.gov.lv/"""		
Søgning på udenlandske registreringsnumre og nummerplader.aspx	"href=""http://www.cab.lt/"""		
Søgning på udenlandske registreringsnumre og nummerplader.aspx	"href=""http://www.nibm.com.mk/advanced_searchbox_en.php"""		
Søgning på udenlandske registreringsnumre og nummerplader.aspx	"href=""https://www.infotorg.no/infotorg/login.jsp"""		
Søgning på udenlandske registreringsnumre og nummerplader.aspx	"href=""http://cedam.csa-isc.ro/english/index.php"""		
Søgning på udenlandske registreringsnumre og nummerplader.aspx	"href=""http://www.skp.sk/"""		
Søgning på udenlandske registreringsnumre og nummerplader.aspx	"href=""http://www.skp.sk/"""		
Søgning på udenlandske registreringsnumre og nummerplader.aspx	"href=""https://raz.zav-zdruzenje.si/euinfocenter/Search.aspx"""		
Søgning på udenlandske registreringsnumre og nummerplader.aspx	"href=""http://www21.vv.se/fordonsfraga/FragaPaAnnatFordon.aspx"""		
Søgning på udenlandske registreringsnumre og nummerplader.aspx	"href=""http://www.ckp.cz/"""		
Søgning på udenlandske registreringsnumre og nummerplader.aspx	"href=""http://www.zentralruf.de/"""		
Søgning på udenlandske registreringsnumre og nummerplader.aspx	"href=""http://www.vvo.at/kfz-versichererauskunft/index.php"""		
Søgning på udenlandske registreringsnumre og nummerplader.aspx	"href=""http://www.worldlicenseplates.com/hp.html"""		
Søgning på udenlandske registreringsnumre og nummerplader.aspx	"href=""http://www.skat.dk/SKAT.aspx?oId=1826638&amp"	"vId=0"""	
Søgning på udenlandske registreringsnumre og nummerplader.aspx	"href=""http://www.skat.dk/SKAT.aspx?oId=1825583&amp"	"vId=0"""	
Søgning på udenlandske registreringsnumre og nummerplader.aspx	"href=""http://www.skat.dk/SKAT.aspx?oId=1825584&amp"	"vId=0"""	
Telefonanmeldelser eller hurtiganmeldelse.aspx	"href=""/Skade/hb/bil/Delte%20dokumenter/Hurtiganmeldelse%20Telefonanmeldelse.docx"""		
Tilkoblede køretøjer.aspx	"href=""/Skade/hb/bil/Delte%20dokumenter/AK%2033%20251.pdf"""		
Tilkoblede køretøjer.aspx	"href=""/Skade/hb/bil/Delte%20dokumenter/AK%2045%20763.pdf"""		
Tilkoblede køretøjer.aspx	"href=""/Skade/hb/bil/Delte%20dokumenter/Lån%20af%20trailer.doc"""		
Trailerdækning.aspx	"href=""/Sider/vilkaar.aspx"""		
Tyveri af autocamper Landsretsdom.aspx	"href=""/Skade/hb/bil/Delte%20dokumenter/AKF.pdf"""		
Tyveri af autocamper Landsretsdom.aspx	"href=""/Skade/hb/bil/Delte%20dokumenter/Landsretsdom.pdf"""		
Tyveri af autocamper Landsretsdom.aspx	"href=""/Skade/hb/bil/Delte%20dokumenter/Landsretsdom2.pdf"""		
Tyveri af biler fra værksted.aspx	"href=""/Skade/hb/bil/SitePages/Tyveri%20af%20køretøjer.aspx"""		
Tyveri af nøgler og omkodning af låse.aspx	"href=""/Skade/hb/bil/SiteAssets/SitePages/Tyveri%20af%20nøgler%20og%20omkodning%20af%20låse/Nøgler%20-%20skema.docx"""		
Tyveri af nøgler og omkodning af låse.aspx	"href=""/Skade/hb/bil/SitePages/Underslæb,%20bedrageri,%20bortkomst.aspx"""		
Udbetaling til kommunerne.aspx	"href=""/Skade/hb/bil/SiteAssets/SitePages/Udbetaling%20til%20kommunerne/Udbetaling%20til%20kommunerne.docx"""		
Udbetaling til panthaver.aspx	"href=""/Skade/hb/bil/Delte%20dokumenter/ØD2011.pdf"""		
Udbetaling til panthaver.aspx	"href=""/Skade/hb/bil/Delte%20dokumenter/HD2013.pdf"""		
Uforsikrede køretøjer (aftale med DFIM) og ukendte skadevoldere.aspx	"href=""/Skade/hb/bil/SitePages/Afmelding%20af%20køretøjer.aspx"""		
Uforsikrede køretøjer (aftale med DFIM) og ukendte skadevoldere.aspx	"href=""/Skade/hb/bil/SiteAssets/SitePages/Uforsikrede%20køretøjer%20(aftale%20med%20DFIM)/HER.pdf"""		
Uforsikrede køretøjer (aftale med DFIM) og ukendte skadevoldere.aspx	"href=""/Skade/hb/bil/Delte%20dokumenter/dom%20lygtepæl.pdf"""		
Uforsikrede køretøjer (aftale med DFIM) og ukendte skadevoldere.aspx	"href=""/Skade/hb/bil/Delte%20dokumenter/dom%20lygtepæl.pdf"""		
Uforsikrede køretøjer (aftale med DFIM) og ukendte skadevoldere.aspx	"href=""/Skade/hb/bil/SitePages/DFIM%20og%20afmelding%20af%20køretøjer.aspx"""		
Undervisning i afsavn 2017.aspx	"href=""/Skade/hb/bil/SiteAssets/SitePages/Undervisning%20i%20afsavn%202017/HER.docx"""		
Uoriginale reservedele og garantibestemmelser.aspx	"href=""http://www.forsikringogpension.dk/virksomheder/autotaks/Documents/Skadeopg%c3%b8relser/erfa_blad_juli2013.pdf"""		
Uoriginale reservedele og garantibestemmelser.aspx	"href=""/Skade/hb/bil/SitePages/Reparation%20af%20bilen.aspx"""		
Varsler om farligt vejr i Danmark.aspx	"href=""http://www.dmi.dk/dmi/index/danmark/vejrarkiv"""		
Varsler om farligt vejr i Danmark.aspx	"href=""http://www.forsikringsvejret.dk/"""		
Varsler om farligt vejr i Danmark.aspx	"href=""/Skade/hb/GenerelSkadepolitik/Lists/Strre%20Skadebegivenheder%20reas/AllItems.aspx"""		
Vejhjælp Før februar 2014.aspx	"href=""http://webshop.falck.dk/privat/falckvejhjaelp"""		
Vejhjælp i Danmark.aspx	"href=""/Sider/vilkaar.aspx"""		
Vejhjælp i Europa.aspx	"href=""/Sider/vilkaar.aspx"""		
Vejledning i fremsendelse af systembreve pr. mail.aspx	"href=""/Skade/hb/bil/Delte%20dokumenter/Vejledning%20til%20fremsendelse%20af%20systembreve%20som%20email.docx"""		
Vejledning i udlandsskader til brug i Bilskade.aspx	"href=""http://www.dfim.dk/Danish/handlingliste/Sider/default.aspx"""		
Vejledning i udlandsskader til brug i Bilskade.aspx	"href=""/Skade/hb/bil/SiteAssets/SitePages/Vejledning%20i%20udlandsskader%20til%20brug%20i%20Bilskade/Skræmprint.PNG"""		
Veteran.aspx	"href=""/Skade/hb/bil/Delte%20dokumenter/Veteranbrochure.pdf"""		
Veteran.aspx	"href=""/Skade/hb/bil/SitePages/Stilstandsforsikring.aspx"""		
Veteran.aspx	"href=""/Skade/hb/bil/SiteAssets/SitePages/Veteran/Byretsdom%2023.2.2012.pdf"""		
Veteran.aspx	"href=""/Skade/hb/bil/Delte%20dokumenter/Landsretsdom.pdf"""		
Veteran.aspx	"href=""/Skade/hb/bil/SitePages/Stormflodsskader.aspx"""		
Veteran.aspx	"href=""/Skade/hb/bil/Delte%20dokumenter/Veteran2007.pdf"""		
Veteran.aspx	"href=""/Skade/hb/bil/Delte%20dokumenter/Veteran2008.pdf"""		
Væltning af motorcykel.aspx	"href=""/Skade/hb/bil/Delte%20dokumenter/AK34189%20væltning%20af%20mc.doc"""		
Værdiforringelse.aspx	"href=""http://www.forsikringogpension.dk/forsikring/bil-motor/skader-p%c3%a5-bilen/Sider/vaerdiforringelse-efter%20skade.aspx"""		
Forældrehæftelse.aspx	"href=""/Skade/hb/bil/SitePages/Nedsættelse%20af%20erstatningen%20EAL%20§%2024A.aspx"""		
Forældrehæftelse.aspx	"href=""/Skade/hb/bil/SitePages/Børns%20ansvar.aspx"""		
