Medarbejdersager.aspx;href="/sites/Skade/SitePages/Sagerhvoransatteerinvolveret.aspx"
Antagelseregler.aspx;href="/policehaandbog/bg6/Sider/bg6_lystfart_antagelse.aspx"
Antagelseregler.aspx;href="/policehaandbog/bg6/Sider/bg6_lystfart_antagelse.aspx"
Bådudtryk.aspx;href="/sites/Skade/baad/leksikon%20(båd).pdf"
Erstatning.aspx;href="http://www.forsikringogpension.dk/medlemmer/branchesamarbejde/skadeforsikringsaftalerne/Documents/Dobbeltforsikringsaftalen.pdf"
Påsejling.aspx;href="http://www.respektforvand.dk/SejlSikkert/Laer-at-sejle/Vigeregler/Regler-for-sejlskibe"
Regresaftalen.aspx;href="http://www.forsikringogpension.dk/medlemmer/branchesamarbejde/erhvervsforsikringer/Documents/Selskaber%20der%20har%20tiltr%c3%a5dt%20regresaftalen%20for%20lystfart%c3%b8jsforsikring.pdf"
Regresaftalen.aspx;href="http://www.danskebaadejere.dk/da/om%20koeb%20og%20salg%20af%20baad/baadforsikringer/forsikringstyper/baadforsikring%20%20ansvar.aspx"
Regresaftalen.aspx;href="http://www.forsikringogpension.dk/Documents/H%c3%b8ringer/S%c3%b8loven%20-%20lovforslag%20til%20%c3%a6ndring%20af%20s%c3%b8loven%20og%20lov%20om%20sikkerhed%20til%20s%c3%b8s.pdf"
Selvrisiko.aspx;href="/policehaandbog/bg0/SiteAssets/Sider/bg0_Mauelle-Præmieberegningsark-2015/Udregningsark%202015%2060%20Lystfartøj.pdf"
Tyveri.aspx;href="https://www.eastoffice.dk/"
Tyveri.aspx;href="http://www.stolenboats.dk/default.asp?Action=Details&amp;Item=372"
Tyveri.aspx;href="https://www.eastoffice.dk/"
Tyveri.aspx;href="http://www.stolenboats.dk/default.asp?Action=Details&amp;Item=372"
